CountryCode,Country,SeriesCode,MDG,Series,1990,Footnotes,Type,1991,Footnotes,Type,1992,Footnotes,Type,1993,Footnotes,Type,1994,Footnotes,Type,1995,Footnotes,Type,1996,Footnotes,Type,1997,Footnotes,Type,1998,Footnotes,Type,1999,Footnotes,Type,2000,Footnotes,Type,2001,Footnotes,Type,2002,Footnotes,Type,2003,Footnotes,Type,2004,Footnotes,Type,2005,Footnotes,Type,2006,Footnotes,Type,2007,Footnotes,Type,2008,Footnotes,Type,2009,Footnotes,Type,2010,Footnotes,Type,2011,Footnotes,Type,2012,Footnotes,Type,2013,Footnotes,Type,2014,Footnotes,Type,2015,Footnotes,Type,2016,Footnotes,Type,2017,Footnotes,Type,2018,Footnotes,Type,2019,Footnotes,Type,2020,Footnotes,Type
24,Angola,665,Y,"Proportion of the population using improved drinking water sources, total",46,,E,46,,E,46,,E,46,,E,46,,E,46,,E,46,,E,46,,E,46,,E,46,,E,46,,E,46,,E,46,,E,46,,E,46,,E,46,,E,46,,E,46,,E,47,,E,47,,E,47,,E,48,,E,48,,E,48,,E,49,,E,49,,E, , , , , , , , , , , , , , , 
24,Angola,666,N,"Proportion of the population using improved drinking water sources, urban",52,,E,52,,E,52,,E,52,,E,53,,E,55,,E,56,,E,57,,E,58,,E,59,,E,60,,E,61,,E,63,,E,64,,E,65,,E,66,,E,67,,E,68,,E,70,,E,71,,E,72,,E,73,,E,74,,E,75,,E,75,,E,75,,E, , , , , , , , , , , , , , , 
24,Angola,667,N,"Proportion of the population using improved drinking water sources, rural",44,,E,44,,E,44,,E,44,,E,44,,E,43,,E,42,,E,41,,E,40,,E,40,,E,39,,E,38,,E,37,,E,36,,E,35,,E,35,,E,34,,E,33,,E,32,,E,31,,E,31,,E,30,,E,29,,E,28,,E,28,,E,28,,E, , , , , , , , , , , , , , , 
24,Angola,668,Y,"Proportion of the population using improved sanitation facilities, total",22,,E,23,,E,23,,E,24,,E,24,,E,26,,E,27,,E,28,,E,29,,E,31,,E,32,,E,34,,E,35,,E,36,,E,38,,E,39,,E,40,,E,42,,E,43,,E,45,,E,46,,E,48,,E,49,,E,51,,E,51,,E,52,,E, , , , , , , , , , , , , , , 
24,Angola,669,N,"Proportion of the population using improved sanitation facilities, urban",65,,E,65,,E,65,,E,65,,E,66,,E,67,,E,68,,E,69,,E,71,,E,72,,E,73,,E,74,,E,75,,E,77,,E,78,,E,79,,E,80,,E,81,,E,83,,E,84,,E,85,,E,86,,E,87,,E,89,,E,89,,E,89,,E, , , , , , , , , , , , , , , 
24,Angola,670,N,"Proportion of the population using improved sanitation facilities, rural",8,,E,8,,E,8,,E,8,,E,8,,E,9,,E,9,,E,10,,E,11,,E,12,,E,13,,E,13,,E,14,,E,15,,E,16,,E,16,,E,17,,E,18,,E,19,,E,19,,E,20,,E,21,,E,22,,E,23,,E,23,,E,23,,E, , , , , , , , , , , , , , , 
204,Benin,665,Y,"Proportion of the population using improved drinking water sources, total",57,,E,58,,E,59,,E,60,,E,61,,E,62,,E,63,,E,63,,E,64,,E,65,,E,66,,E,67,,E,68,,E,69,,E,69,,E,70,,E,71,,E,72,,E,73,,E,74,,E,75,,E,75,,E,76,,E,77,,E,78,,E,78,,E, , , , , , , , , , , , , , , 
204,Benin,666,N,"Proportion of the population using improved drinking water sources, urban",73,,E,73,,E,74,,E,74,,E,75,,E,75,,E,76,,E,77,,E,77,,E,78,,E,78,,E,79,,E,79,,E,80,,E,80,,E,81,,E,81,,E,82,,E,82,,E,83,,E,83,,E,84,,E,84,,E,85,,E,85,,E,85,,E, , , , , , , , , , , , , , , 
204,Benin,667,N,"Proportion of the population using improved drinking water sources, rural",49,,E,50,,E,51,,E,52,,E,53,,E,54,,E,55,,E,56,,E,57,,E,58,,E,59,,E,60,,E,61,,E,62,,E,62,,E,63,,E,64,,E,65,,E,66,,E,67,,E,68,,E,69,,E,70,,E,71,,E,72,,E,72,,E, , , , , , , , , , , , , , , 
204,Benin,668,Y,"Proportion of the population using improved sanitation facilities, total",7,,E,7,,E,8,,E,8,,E,9,,E,9,,E,10,,E,10,,E,11,,E,11,,E,12,,E,12,,E,13,,E,13,,E,14,,E,15,,E,15,,E,16,,E,16,,E,17,,E,17,,E,18,,E,18,,E,19,,E,20,,E,20,,E, , , , , , , , , , , , , , , 
204,Benin,669,N,"Proportion of the population using improved sanitation facilities, urban",18,,E,19,,E,19,,E,20,,E,21,,E,22,,E,22,,E,23,,E,24,,E,25,,E,25,,E,26,,E,27,,E,28,,E,28,,E,29,,E,30,,E,30,,E,31,,E,32,,E,33,,E,33,,E,34,,E,35,,E,36,,E,36,,E, , , , , , , , , , , , , , , 
204,Benin,670,N,"Proportion of the population using improved sanitation facilities, rural",1,,E,1,,E,2,,E,2,,E,2,,E,2,,E,3,,E,3,,E,3,,E,3,,E,4,,E,4,,E,4,,E,4,,E,5,,E,5,,E,5,,E,5,,E,6,,E,6,,E,6,,E,7,,E,7,,E,7,,E,7,,E,7,,E, , , , , , , , , , , , , , , 
72,Botswana,665,Y,"Proportion of the population using improved drinking water sources, total",92,,E,93,,E,93,,E,93,,E,94,,E,94,,E,94,,E,94,,E,94,,E,95,,E,95,,E,95,,E,95,,E,95,,E,95,,E,95,,E,95,,E,96,,E,96,,E,96,,E,96,,E,96,,E,96,,E,96,,E,96,,E,96,,E, , , , , , , , , , , , , , , 
72,Botswana,666,N,"Proportion of the population using improved drinking water sources, urban",100,,E,100,,E,100,,E,100,,E,100,,E,100,,E,100,,E,100,,E,100,,E,100,,E,100,,E,99,,E,99,,E,99,,E,99,,E,99,,E,99,,E,99,,E,99,,E,99,,E,99,,E,99,,E,99,,E,99,,E,99,,E,99,,E, , , , , , , , , , , , , , , 
72,Botswana,667,N,"Proportion of the population using improved drinking water sources, rural",87,,E,87,,E,87,,E,88,,E,88,,E,88,,E,88,,E,89,,E,89,,E,89,,E,89,,E,89,,E,90,,E,90,,E,90,,E,90,,E,91,,E,91,,E,91,,E,91,,E,92,,E,92,,E,92,,E,92,,E,92,,E,92,,E, , , , , , , , , , , , , , , 
72,Botswana,668,Y,"Proportion of the population using improved sanitation facilities, total",39,,E,41,,E,43,,E,44,,E,45,,E,46,,E,47,,E,48,,E,49,,E,51,,E,52,,E,53,,E,54,,E,55,,E,55,,E,56,,E,57,,E,58,,E,59,,E,60,,E,61,,E,62,,E,62,,E,63,,E,63,,E,63,,E, , , , , , , , , , , , , , , 
72,Botswana,669,N,"Proportion of the population using improved sanitation facilities, urban",62,,E,63,,E,63,,E,64,,E,65,,E,66,,E,66,,E,67,,E,68,,E,69,,E,69,,E,70,,E,71,,E,71,,E,72,,E,73,,E,74,,E,74,,E,75,,E,76,,E,76,,E,77,,E,78,,E,79,,E,79,,E,79,,E, , , , , , , , , , , , , , , 
72,Botswana,670,N,"Proportion of the population using improved sanitation facilities, rural",23,,E,24,,E,25,,E,26,,E,26,,E,27,,E,28,,E,29,,E,30,,E,31,,E,32,,E,33,,E,33,,E,34,,E,35,,E,36,,E,37,,E,38,,E,39,,E,40,,E,40,,E,41,,E,42,,E,43,,E,43,,E,43,,E, , , , , , , , , , , , , , , 
854,Burkina Faso,665,Y,"Proportion of the population using improved drinking water sources, total",44,,E,44,,E,45,,E,47,,E,49,,E,51,,E,53,,E,54,,E,56,,E,58,,E,60,,E,62,,E,64,,E,65,,E,67,,E,69,,E,71,,E,73,,E,75,,E,76,,E,78,,E,80,,E,82,,E,82,,E,82,,E,82,,E, , , , , , , , , , , , , , , 
854,Burkina Faso,666,N,"Proportion of the population using improved drinking water sources, urban",75,,E,75,,E,76,,E,77,,E,78,,E,79,,E,80,,E,81,,E,83,,E,84,,E,85,,E,86,,E,87,,E,88,,E,89,,E,90,,E,91,,E,92,,E,93,,E,94,,E,95,,E,96,,E,98,,E,98,,E,98,,E,98,,E, , , , , , , , , , , , , , , 
854,Burkina Faso,667,N,"Proportion of the population using improved drinking water sources, rural",39,,E,39,,E,40,,E,42,,E,44,,E,46,,E,47,,E,49,,E,51,,E,53,,E,55,,E,56,,E,58,,E,60,,E,62,,E,63,,E,65,,E,67,,E,69,,E,71,,E,72,,E,74,,E,76,,E,76,,E,76,,E,76,,E, , , , , , , , , , , , , , , 
854,Burkina Faso,668,Y,"Proportion of the population using improved sanitation facilities, total",8,,E,8,,E,8,,E,9,,E,9,,E,9,,E,10,,E,10,,E,11,,E,11,,E,12,,E,12,,E,13,,E,13,,E,14,,E,14,,E,15,,E,16,,E,16,,E,17,,E,17,,E,18,,E,19,,E,19,,E,19,,E,20,,E, , , , , , , , , , , , , , , 
854,Burkina Faso,669,N,"Proportion of the population using improved sanitation facilities, urban",44,,E,44,,E,44,,E,45,,E,45,,E,45,,E,46,,E,46,,E,46,,E,47,,E,47,,E,47,,E,47,,E,48,,E,48,,E,48,,E,49,,E,49,,E,49,,E,50,,E,50,,E,50,,E,50,,E,50,,E,50,,E,50,,E, , , , , , , , , , , , , , , 
854,Burkina Faso,670,N,"Proportion of the population using improved sanitation facilities, rural",2,,E,2,,E,2,,E,2,,E,3,,E,3,,E,3,,E,3,,E,4,,E,4,,E,4,,E,4,,E,4,,E,5,,E,5,,E,5,,E,5,,E,6,,E,6,,E,6,,E,6,,E,7,,E,7,,E,7,,E,7,,E,7,,E, , , , , , , , , , , , , , , 
108,Burundi,665,Y,"Proportion of the population using improved drinking water sources, total",69,,E,69,,E,69,,E,70,,E,70,,E,70,,E,71,,E,71,,E,71,,E,72,,E,72,,E,72,,E,72,,E,73,,E,73,,E,73,,E,74,,E,74,,E,74,,E,74,,E,75,,E,75,,E,75,,E,76,,E,76,,E,76,,E, , , , , , , , , , , , , , , 
108,Burundi,666,N,"Proportion of the population using improved drinking water sources, urban",96,,E,96,,E,96,,E,95,,E,95,,E,95,,E,95,,E,95,,E,94,,E,94,,E,94,,E,94,,E,94,,E,93,,E,93,,E,93,,E,93,,E,93,,E,92,,E,92,,E,92,,E,92,,E,92,,E,91,,E,91,,E,91,,E, , , , , , , , , , , , , , , 
108,Burundi,667,N,"Proportion of the population using improved drinking water sources, rural",67,,E,67,,E,68,,E,68,,E,68,,E,68,,E,69,,E,69,,E,69,,E,70,,E,70,,E,70,,E,70,,E,71,,E,71,,E,71,,E,72,,E,72,,E,72,,E,72,,E,73,,E,73,,E,73,,E,74,,E,74,,E,74,,E, , , , , , , , , , , , , , , 
108,Burundi,668,Y,"Proportion of the population using improved sanitation facilities, total",42,,E,42,,E,42,,E,43,,E,43,,E,43,,E,43,,E,44,,E,44,,E,44,,E,44,,E,45,,E,45,,E,45,,E,45,,E,46,,E,46,,E,46,,E,46,,E,47,,E,47,,E,47,,E,48,,E,48,,E,48,,E,48,,E, , , , , , , , , , , , , , , 
108,Burundi,669,N,"Proportion of the population using improved sanitation facilities, urban",31,,E,32,,E,32,,E,33,,E,33,,E,34,,E,34,,E,35,,E,35,,E,36,,E,36,,E,37,,E,38,,E,38,,E,39,,E,39,,E,40,,E,40,,E,41,,E,41,,E,42,,E,42,,E,43,,E,43,,E,44,,E,44,,E, , , , , , , , , , , , , , , 
108,Burundi,670,N,"Proportion of the population using improved sanitation facilities, rural",42,,E,43,,E,43,,E,43,,E,44,,E,44,,E,44,,E,44,,E,45,,E,45,,E,45,,E,45,,E,46,,E,46,,E,46,,E,46,,E,47,,E,47,,E,47,,E,47,,E,48,,E,48,,E,48,,E,48,,E,49,,E,49,,E, , , , , , , , , , , , , , , 
120,Cameroon,665,Y,"Proportion of the population using improved drinking water sources, total",51,,E,52,,E,53,,E,54,,E,56,,E,57,,E,58,,E,59,,E,60,,E,61,,E,62,,E,63,,E,64,,E,65,,E,66,,E,67,,E,68,,E,69,,E,70,,E,71,,E,72,,E,73,,E,74,,E,75,,E,75,,E,76,,E, , , , , , , , , , , , , , , 
120,Cameroon,666,N,"Proportion of the population using improved drinking water sources, urban",78,,E,79,,E,80,,E,81,,E,81,,E,82,,E,83,,E,83,,E,84,,E,85,,E,86,,E,86,,E,87,,E,88,,E,88,,E,89,,E,90,,E,91,,E,91,,E,92,,E,93,,E,93,,E,94,,E,95,,E,95,,E,95,,E, , , , , , , , , , , , , , , 
120,Cameroon,667,N,"Proportion of the population using improved drinking water sources, rural",34,,E,34,,E,35,,E,36,,E,37,,E,38,,E,39,,E,39,,E,40,,E,41,,E,42,,E,43,,E,44,,E,44,,E,45,,E,46,,E,47,,E,48,,E,49,,E,49,,E,50,,E,51,,E,52,,E,53,,E,53,,E,53,,E, , , , , , , , , , , , , , , 
120,Cameroon,668,Y,"Proportion of the population using improved sanitation facilities, total",40,,E,40,,E,40,,E,41,,E,41,,E,41,,E,41,,E,42,,E,42,,E,42,,E,42,,E,42,,E,43,,E,43,,E,43,,E,43,,E,44,,E,44,,E,44,,E,44,,E,45,,E,45,,E,45,,E,45,,E,46,,E,46,,E, , , , , , , , , , , , , , , 
120,Cameroon,669,N,"Proportion of the population using improved sanitation facilities, urban",60,,E,60,,E,60,,E,60,,E,60,,E,60,,E,60,,E,61,,E,61,,E,61,,E,61,,E,61,,E,61,,E,61,,E,61,,E,61,,E,61,,E,61,,E,61,,E,62,,E,62,,E,62,,E,62,,E,62,,E,62,,E,62,,E, , , , , , , , , , , , , , , 
120,Cameroon,670,N,"Proportion of the population using improved sanitation facilities, rural",27,,E,27,,E,27,,E,27,,E,27,,E,27,,E,27,,E,27,,E,27,,E,27,,E,27,,E,27,,E,27,,E,27,,E,27,,E,27,,E,27,,E,27,,E,27,,E,27,,E,27,,E,27,,E,27,,E,27,,E,27,,E,27,,E, , , , , , , , , , , , , , , 
132,Cape Verde,665,Y,"Proportion of the population using improved drinking water sources, total",,,,,,,80,,E,80,,E,80,,E,80,,E,80,,E,81,,E,81,,E,82,,E,82,,E,83,,E,84,,E,84,,E,85,,E,86,,E,86,,E,87,,E,88,,E,88,,E,89,,E,90,,E,90,,E,91,,E,92,,E,92,,E, , , , , , , , , , , , , , , 
132,Cape Verde,666,N,"Proportion of the population using improved drinking water sources, urban",,,,,,,81,,E,81,,E,81,,E,81,,E,81,,E,82,,E,82,,E,83,,E,84,,E,85,,E,85,,E,86,,E,87,,E,88,,E,88,,E,89,,E,90,,E,90,,E,91,,E,92,,E,93,,E,93,,E,94,,E,94,,E, , , , , , , , , , , , , , , 
132,Cape Verde,667,N,"Proportion of the population using improved drinking water sources, rural",,,,,,,79,,E,79,,E,79,,E,79,,E,79,,E,79,,E,80,,E,80,,E,81,,E,81,,E,82,,E,82,,E,83,,E,83,,E,84,,E,84,,E,85,,E,85,,E,85,,E,86,,E,86,,E,87,,E,87,,E,87,,E, , , , , , , , , , , , , , , 
132,Cape Verde,668,Y,"Proportion of the population using improved sanitation facilities, total",,,,,,,34,,E,34,,E,34,,E,35,,E,35,,E,37,,E,39,,E,42,,E,44,,E,46,,E,48,,E,50,,E,52,,E,54,,E,56,,E,58,,E,60,,E,62,,E,64,,E,66,,E,68,,E,70,,E,72,,E,72,,E, , , , , , , , , , , , , , , 
132,Cape Verde,669,N,"Proportion of the population using improved sanitation facilities, urban",,,,,,,54,,E,54,,E,54,,E,54,,E,54,,E,56,,E,57,,E,59,,E,60,,E,62,,E,63,,E,65,,E,66,,E,68,,E,69,,E,71,,E,72,,E,74,,E,76,,E,77,,E,79,,E,80,,E,82,,E,82,,E, , , , , , , , , , , , , , , 
132,Cape Verde,670,N,"Proportion of the population using improved sanitation facilities, rural",,,,,,,16,,E,16,,E,16,,E,16,,E,16,,E,18,,E,20,,E,23,,E,25,,E,27,,E,29,,E,31,,E,33,,E,35,,E,37,,E,39,,E,42,,E,44,,E,46,,E,48,,E,50,,E,52,,E,54,,E,54,,E, , , , , , , , , , , , , , , 
140,Central African Republic,665,Y,"Proportion of the population using improved drinking water sources, total",59,,E,59,,E,59,,E,59,,E,60,,E,60,,E,61,,E,61,,E,62,,E,62,,E,63,,E,63,,E,63,,E,64,,E,64,,E,65,,E,65,,E,66,,E,66,,E,67,,E,67,,E,68,,E,68,,E,68,,E,68,,E,69,,E, , , , , , , , , , , , , , , 
140,Central African Republic,666,N,"Proportion of the population using improved drinking water sources, urban",80,,E,80,,E,80,,E,81,,E,81,,E,82,,E,82,,E,82,,E,83,,E,83,,E,84,,E,84,,E,85,,E,85,,E,86,,E,86,,E,87,,E,87,,E,88,,E,88,,E,89,,E,89,,E,90,,E,90,,E,90,,E,90,,E, , , , , , , , , , , , , , , 
140,Central African Republic,667,N,"Proportion of the population using improved drinking water sources, rural",46,,E,46,,E,46,,E,47,,E,47,,E,48,,E,48,,E,48,,E,49,,E,49,,E,50,,E,50,,E,50,,E,51,,E,51,,E,52,,E,52,,E,52,,E,53,,E,53,,E,54,,E,54,,E,54,,E,54,,E,54,,E,54,,E, , , , , , , , , , , , , , , 
140,Central African Republic,668,Y,"Proportion of the population using improved sanitation facilities, total",15,,E,15,,E,15,,E,15,,E,15,,E,16,,E,16,,E,16,,E,17,,E,17,,E,17,,E,18,,E,18,,E,18,,E,19,,E,19,,E,19,,E,20,,E,20,,E,20,,E,21,,E,21,,E,22,,E,22,,E,22,,E,22,,E, , , , , , , , , , , , , , , 
140,Central African Republic,669,N,"Proportion of the population using improved sanitation facilities, urban",20,,E,20,,E,20,,E,21,,E,22,,E,23,,E,25,,E,26,,E,27,,E,28,,E,29,,E,31,,E,32,,E,33,,E,34,,E,35,,E,37,,E,38,,E,39,,E,40,,E,41,,E,42,,E,44,,E,44,,E,44,,E,44,,E, , , , , , , , , , , , , , , 
140,Central African Republic,670,N,"Proportion of the population using improved sanitation facilities, rural",12,,E,12,,E,12,,E,11,,E,11,,E,11,,E,11,,E,11,,E,10,,E,10,,E,10,,E,10,,E,9,,E,9,,E,9,,E,9,,E,9,,E,8,,E,8,,E,8,,E,8,,E,7,,E,7,,E,7,,E,7,,E,7,,E, , , , , , , , , , , , , , , 
148,Chad,665,Y,"Proportion of the population using improved drinking water sources, total",40,,E,40,,E,41,,E,41,,E,42,,E,42,,E,43,,E,43,,E,44,,E,44,,E,45,,E,45,,E,46,,E,46,,E,47,,E,47,,E,48,,E,48,,E,49,,E,49,,E,50,,E,50,,E,51,,E,51,,E,51,,E,51,,E, , , , , , , , , , , , , , , 
148,Chad,666,N,"Proportion of the population using improved drinking water sources, urban",49,,E,50,,E,51,,E,52,,E,53,,E,55,,E,56,,E,57,,E,58,,E,59,,E,60,,E,61,,E,62,,E,63,,E,64,,E,65,,E,66,,E,67,,E,68,,E,69,,E,70,,E,71,,E,72,,E,72,,E,72,,E,72,,E, , , , , , , , , , , , , , , 
148,Chad,667,N,"Proportion of the population using improved drinking water sources, rural",37,,E,38,,E,38,,E,38,,E,39,,E,39,,E,39,,E,40,,E,40,,E,40,,E,41,,E,41,,E,41,,E,42,,E,42,,E,42,,E,43,,E,43,,E,43,,E,44,,E,44,,E,44,,E,45,,E,45,,E,45,,E,45,,E, , , , , , , , , , , , , , , 
148,Chad,668,Y,"Proportion of the population using improved sanitation facilities, total",8,,E,8,,E,8,,E,8,,E,9,,E,9,,E,9,,E,9,,E,9,,E,10,,E,10,,E,10,,E,10,,E,10,,E,11,,E,11,,E,11,,E,11,,E,11,,E,11,,E,12,,E,12,,E,12,,E,12,,E,12,,E,12,,E, , , , , , , , , , , , , , , 
148,Chad,669,N,"Proportion of the population using improved sanitation facilities, urban",21,,E,21,,E,22,,E,22,,E,23,,E,23,,E,24,,E,24,,E,25,,E,25,,E,26,,E,26,,E,27,,E,27,,E,28,,E,28,,E,29,,E,29,,E,30,,E,30,,E,31,,E,31,,E,31,,E,31,,E,31,,E,31,,E, , , , , , , , , , , , , , , 
148,Chad,670,N,"Proportion of the population using improved sanitation facilities, rural",4,,E,5,,E,5,,E,5,,E,5,,E,5,,E,5,,E,5,,E,5,,E,5,,E,5,,E,5,,E,6,,E,6,,E,6,,E,6,,E,6,,E,6,,E,6,,E,6,,E,6,,E,6,,E,7,,E,7,,E,7,,E,7,,E, , , , , , , , , , , , , , , 
174,Comoros,665,Y,"Proportion of the population using improved drinking water sources, total",90,,E,90,,E,90,,E,90,,E,90,,E,90,,E,90,,E,90,,E,90,,E,90,,E,90,,E,90,,E,90,,E,90,,E,90,,E,90,,E,90,,E,90,,E,90,,E,90,,E,90,,E,90,,E,90,,E,90,,E,90,,E,90,,E, , , , , , , , , , , , , , , 
174,Comoros,666,N,"Proportion of the population using improved drinking water sources, urban",96,,E,96,,E,96,,E,96,,E,95,,E,95,,E,95,,E,95,,E,95,,E,95,,E,95,,E,94,,E,94,,E,94,,E,94,,E,94,,E,94,,E,94,,E,93,,E,93,,E,93,,E,93,,E,93,,E,93,,E,93,,E,93,,E, , , , , , , , , , , , , , , 
174,Comoros,667,N,"Proportion of the population using improved drinking water sources, rural",88,,E,88,,E,88,,E,88,,E,88,,E,88,,E,88,,E,88,,E,88,,E,88,,E,88,,E,88,,E,89,,E,89,,E,89,,E,89,,E,89,,E,89,,E,89,,E,89,,E,89,,E,89,,E,89,,E,89,,E,89,,E,89,,E, , , , , , , , , , , , , , , 
174,Comoros,668,Y,"Proportion of the population using improved sanitation facilities, total",18,,E,19,,E,20,,E,20,,E,21,,E,21,,E,22,,E,23,,E,24,,E,24,,E,25,,E,26,,E,27,,E,27,,E,28,,E,29,,E,30,,E,30,,E,31,,E,32,,E,33,,E,34,,E,34,,E,35,,E,36,,E,36,,E, , , , , , , , , , , , , , , 
174,Comoros,669,N,"Proportion of the population using improved sanitation facilities, urban",34,,E,34,,E,34,,E,34,,E,34,,E,35,,E,35,,E,36,,E,37,,E,37,,E,38,,E,39,,E,40,,E,40,,E,41,,E,42,,E,43,,E,43,,E,44,,E,45,,E,45,,E,46,,E,47,,E,48,,E,48,,E,48,,E, , , , , , , , , , , , , , , 
174,Comoros,670,N,"Proportion of the population using improved sanitation facilities, rural",12,,E,13,,E,14,,E,15,,E,15,,E,16,,E,17,,E,18,,E,18,,E,19,,E,20,,E,21,,E,22,,E,22,,E,23,,E,24,,E,25,,E,25,,E,26,,E,27,,E,28,,E,29,,E,29,,E,30,,E,31,,E,31,,E, , , , , , , , , , , , , , , 
178,Congo,665,Y,"Proportion of the population using improved drinking water sources, total",,,,,,,,,,,,,,,,,,,,,,68,,E,69,,E,69,,E,69,,E,70,,E,70,,E,71,,E,71,,E,72,,E,72,,E,73,,E,73,,E,74,,E,74,,E,75,,E,75,,E,76,,E,76,,E,77,,E, , , , , , , , , , , , , , , 
178,Congo,666,N,"Proportion of the population using improved drinking water sources, urban",95,,E,95,,E,95,,E,95,,E,95,,E,95,,E,95,,E,95,,E,95,,E,95,,E,95,,E,95,,E,95,,E,95,,E,95,,E,96,,E,96,,E,96,,E,96,,E,96,,E,96,,E,96,,E,96,,E,96,,E,96,,E,96,,E, , , , , , , , , , , , , , , 
178,Congo,667,N,"Proportion of the population using improved drinking water sources, rural",,,,,,,,,,,,,,,,,,,,,,32,,E,32,,E,32,,E,32,,E,32,,E,33,,E,33,,E,34,,E,35,,E,35,,E,36,,E,36,,E,37,,E,38,,E,38,,E,39,,E,39,,E,40,,E,40,,E, , , , , , , , , , , , , , , 
178,Congo,668,Y,"Proportion of the population using improved sanitation facilities, total",,,,,,,,,,,,,,,,,,,,,,13,,E,13,,E,13,,E,13,,E,13,,E,13,,E,13,,E,13,,E,13,,E,14,,E,14,,E,14,,E,14,,E,14,,E,14,,E,15,,E,15,,E,15,,E,15,,E, , , , , , , , , , , , , , , 
178,Congo,669,N,"Proportion of the population using improved sanitation facilities, urban",,,,,,,,,,,,,,,,,,,,,,18,,E,18,,E,18,,E,18,,E,18,,E,18,,E,18,,E,18,,E,18,,E,19,,E,19,,E,19,,E,19,,E,19,,E,20,,E,20,,E,20,,E,20,,E,20,,E, , , , , , , , , , , , , , , 
178,Congo,670,N,"Proportion of the population using improved sanitation facilities, rural",,,,,,,,,,,,,,,,,,,,,,6,,E,6,,E,6,,E,6,,E,6,,E,6,,E,6,,E,6,,E,6,,E,6,,E,6,,E,6,,E,6,,E,6,,E,6,,E,6,,E,6,,E,6,,E,6,,E, , , , , , , , , , , , , , , 
384,Cote d'Ivoire,665,Y,"Proportion of the population using improved drinking water sources, total",76,,E,76,,E,76,,E,77,,E,77,,E,77,,E,77,,E,77,,E,78,,E,78,,E,78,,E,78,,E,79,,E,79,,E,79,,E,79,,E,80,,E,80,,E,80,,E,80,,E,81,,E,81,,E,81,,E,82,,E,82,,E,82,,E, , , , , , , , , , , , , , , 
384,Cote d'Ivoire,666,N,"Proportion of the population using improved drinking water sources, urban",90,,E,90,,E,91,,E,91,,E,91,,E,91,,E,91,,E,91,,E,91,,E,91,,E,91,,E,92,,E,92,,E,92,,E,92,,E,92,,E,92,,E,92,,E,92,,E,93,,E,93,,E,93,,E,93,,E,93,,E,93,,E,93,,E, , , , , , , , , , , , , , , 
384,Cote d'Ivoire,667,N,"Proportion of the population using improved drinking water sources, rural",67,,E,67,,E,67,,E,67,,E,67,,E,67,,E,67,,E,67,,E,67,,E,68,,E,68,,E,68,,E,68,,E,68,,E,68,,E,68,,E,68,,E,68,,E,68,,E,68,,E,68,,E,69,,E,69,,E,69,,E,69,,E,69,,E, , , , , , , , , , , , , , , 
384,Cote d'Ivoire,668,Y,"Proportion of the population using improved sanitation facilities, total",15,,E,15,,E,15,,E,16,,E,16,,E,16,,E,16,,E,17,,E,17,,E,17,,E,18,,E,18,,E,18,,E,19,,E,19,,E,19,,E,20,,E,20,,E,20,,E,21,,E,21,,E,21,,E,22,,E,22,,E,22,,E,23,,E, , , , , , , , , , , , , , , 
384,Cote d'Ivoire,669,N,"Proportion of the population using improved sanitation facilities, urban",28,,E,28,,E,28,,E,28,,E,29,,E,29,,E,29,,E,29,,E,30,,E,30,,E,30,,E,30,,E,30,,E,31,,E,31,,E,31,,E,31,,E,31,,E,32,,E,32,,E,32,,E,32,,E,32,,E,33,,E,33,,E,33,,E, , , , , , , , , , , , , , , 
384,Cote d'Ivoire,670,N,"Proportion of the population using improved sanitation facilities, rural",7,,E,7,,E,7,,E,7,,E,7,,E,7,,E,8,,E,8,,E,8,,E,8,,E,8,,E,8,,E,8,,E,9,,E,9,,E,9,,E,9,,E,9,,E,9,,E,10,,E,10,,E,10,,E,10,,E,10,,E,10,,E,10,,E, , , , , , , , , , , , , , , 
180,Democratic Republic of the Congo,665,Y,"Proportion of the population using improved drinking water sources, total",44,,E,44,,E,44,,E,44,,E,45,,E,45,,E,46,,E,46,,E,46,,E,47,,E,47,,E,48,,E,48,,E,48,,E,49,,E,49,,E,49,,E,50,,E,50,,E,50,,E,51,,E,51,,E,51,,E,52,,E,52,,E,52,,E, , , , , , , , , , , , , , , 
180,Democratic Republic of the Congo,666,N,"Proportion of the population using improved drinking water sources, urban",87,,E,87,,E,87,,E,87,,E,86,,E,86,,E,86,,E,86,,E,85,,E,85,,E,85,,E,85,,E,84,,E,84,,E,84,,E,84,,E,83,,E,83,,E,83,,E,83,,E,82,,E,82,,E,82,,E,82,,E,81,,E,81,,E, , , , , , , , , , , , , , , 
180,Democratic Republic of the Congo,667,N,"Proportion of the population using improved drinking water sources, rural",25,,E,25,,E,25,,E,25,,E,25,,E,25,,E,26,,E,26,,E,26,,E,27,,E,27,,E,27,,E,27,,E,28,,E,28,,E,28,,E,29,,E,29,,E,29,,E,29,,E,30,,E,30,,E,30,,E,31,,E,31,,E,31,,E, , , , , , , , , , , , , , , 
180,Democratic Republic of the Congo,668,Y,"Proportion of the population using improved sanitation facilities, total",19,,E,19,,E,19,,E,19,,E,20,,E,20,,E,21,,E,21,,E,22,,E,22,,E,23,,E,23,,E,24,,E,24,,E,24,,E,25,,E,25,,E,26,,E,26,,E,26,,E,27,,E,27,,E,28,,E,28,,E,28,,E,29,,E, , , , , , , , , , , , , , , 
180,Democratic Republic of the Congo,669,N,"Proportion of the population using improved sanitation facilities, urban",30,,E,30,,E,30,,E,30,,E,30,,E,30,,E,30,,E,30,,E,30,,E,30,,E,30,,E,30,,E,29,,E,29,,E,29,,E,29,,E,29,,E,29,,E,29,,E,29,,E,29,,E,29,,E,29,,E,29,,E,29,,E,29,,E, , , , , , , , , , , , , , , 
180,Democratic Republic of the Congo,670,N,"Proportion of the population using improved sanitation facilities, rural",14,,E,14,,E,14,,E,14,,E,15,,E,16,,E,16,,E,17,,E,18,,E,18,,E,19,,E,20,,E,20,,E,21,,E,22,,E,22,,E,23,,E,24,,E,24,,E,25,,E,26,,E,26,,E,27,,E,27,,E,28,,E,29,,E, , , , , , , , , , , , , , , 
262,Djibouti,665,Y,"Proportion of the population using improved drinking water sources, total",78,,E,78,,E,78,,E,78,,E,78,,E,79,,E,80,,E,80,,E,81,,E,82,,E,82,,E,83,,E,84,,E,84,,E,85,,E,86,,E,86,,E,87,,E,88,,E,89,,E,89,,E,90,,E,90,,E,90,,E,90,,E,90,,E, , , , , , , , , , , , , , , 
262,Djibouti,666,N,"Proportion of the population using improved drinking water sources, urban",84,,E,84,,E,84,,E,84,,E,84,,E,84,,E,85,,E,86,,E,87,,E,88,,E,89,,E,89,,E,90,,E,91,,E,92,,E,93,,E,93,,E,94,,E,95,,E,96,,E,97,,E,97,,E,97,,E,97,,E,97,,E,97,,E, , , , , , , , , , , , , , , 
262,Djibouti,667,N,"Proportion of the population using improved drinking water sources, rural",61,,E,61,,E,61,,E,61,,E,61,,E,61,,E,61,,E,61,,E,62,,E,62,,E,62,,E,62,,E,63,,E,63,,E,63,,E,63,,E,64,,E,64,,E,64,,E,64,,E,65,,E,65,,E,65,,E,65,,E,65,,E,65,,E, , , , , , , , , , , , , , , 
262,Djibouti,668,Y,"Proportion of the population using improved sanitation facilities, total",66,,E,66,,E,66,,E,66,,E,66,,E,65,,E,64,,E,63,,E,62,,E,61,,E,60,,E,58,,E,57,,E,56,,E,55,,E,54,,E,53,,E,52,,E,51,,E,50,,E,48,,E,47,,E,47,,E,47,,E,47,,E,47,,E, , , , , , , , , , , , , , , 
262,Djibouti,669,N,"Proportion of the population using improved sanitation facilities, urban",73,,E,73,,E,73,,E,73,,E,73,,E,72,,E,72,,E,71,,E,70,,E,69,,E,68,,E,68,,E,67,,E,66,,E,65,,E,65,,E,64,,E,63,,E,62,,E,61,,E,61,,E,60,,E,60,,E,60,,E,60,,E,60,,E, , , , , , , , , , , , , , , 
262,Djibouti,670,N,"Proportion of the population using improved sanitation facilities, rural",44,,E,44,,E,44,,E,44,,E,44,,E,42,,E,40,,E,37,,E,35,,E,33,,E,30,,E,28,,E,26,,E,23,,E,21,,E,19,,E,17,,E,14,,E,12,,E,10,,E,7,,E,5,,E,5,,E,5,,E,5,,E,5,,E, , , , , , , , , , , , , , , 
226,Equatorial Guinea,665,Y,"Proportion of the population using improved drinking water sources, total",,,,,,,,,,,,,47,,E,47,,E,47,,E,47,,E,47,,E,47,,E,47,,E,47,,E,47,,E,47,,E,47,,E,47,,E,47,,E,47,,E,47,,E,48,,E,48,,E,48,,E,48,,E,48,,E,48,,E,48,,E, , , , , , , , , , , , , , , 
226,Equatorial Guinea,666,N,"Proportion of the population using improved drinking water sources, urban",,,,,,,,,,,,,57,,E,57,,E,57,,E,57,,E,57,,E,58,,E,59,,E,60,,E,61,,E,62,,E,63,,E,64,,E,65,,E,66,,E,67,,E,68,,E,69,,E,70,,E,72,,E,73,,E,73,,E,73,,E, , , , , , , , , , , , , , , 
226,Equatorial Guinea,667,N,"Proportion of the population using improved drinking water sources, rural",,,,,,,,,,,,,41,,E,41,,E,41,,E,41,,E,41,,E,41,,E,40,,E,39,,E,39,,E,38,,E,37,,E,37,,E,36,,E,35,,E,35,,E,34,,E,34,,E,33,,E,32,,E,32,,E,32,,E,32,,E, , , , , , , , , , , , , , , 
226,Equatorial Guinea,668,Y,"Proportion of the population using improved sanitation facilities, total",,,,,,,,,,,,,81,,E,81,,E,81,,E,81,,E,81,,E,81,,E,80,,E,80,,E,79,,E,79,,E,78,,E,78,,E,78,,E,77,,E,77,,E,76,,E,76,,E,75,,E,75,,E,75,,E,75,,E,75,,E, , , , , , , , , , , , , , , 
226,Equatorial Guinea,669,N,"Proportion of the population using improved sanitation facilities, urban",,,,,,,,,,,,,81,,E,81,,E,81,,E,81,,E,81,,E,81,,E,81,,E,81,,E,81,,E,81,,E,80,,E,80,,E,80,,E,80,,E,80,,E,80,,E,80,,E,80,,E,80,,E,80,,E,80,,E,80,,E, , , , , , , , , , , , , , , 
226,Equatorial Guinea,670,N,"Proportion of the population using improved sanitation facilities, rural",,,,,,,,,,,,,81,,E,81,,E,81,,E,81,,E,81,,E,81,,E,80,,E,79,,E,79,,E,78,,E,77,,E,76,,E,76,,E,75,,E,74,,E,74,,E,73,,E,72,,E,72,,E,71,,E,71,,E,71,,E, , , , , , , , , , , , , , , 
232,Eritrea,665,Y,"Proportion of the population using improved drinking water sources, total",47,,E,47,,E,47,,E,47,,E,48,,E,48,,E,49,,E,49,,E,50,,E,51,,E,51,,E,52,,E,52,,E,53,,E,53,,E,54,,E,54,,E,55,,E,55,,E,56,,E,56,,E,57,,E,58,,E,58,,E,58,,E,58,,E, , , , , , , , , , , , , , , 
232,Eritrea,666,N,"Proportion of the population using improved drinking water sources, urban",65,,E,65,,E,65,,E,65,,E,65,,E,66,,E,66,,E,67,,E,67,,E,68,,E,68,,E,68,,E,69,,E,69,,E,70,,E,70,,E,71,,E,71,,E,71,,E,72,,E,72,,E,73,,E,73,,E,73,,E,73,,E,73,,E, , , , , , , , , , , , , , , 
232,Eritrea,667,N,"Proportion of the population using improved drinking water sources, rural",44,,E,44,,E,44,,E,44,,E,44,,E,45,,E,45,,E,46,,E,46,,E,47,,E,47,,E,48,,E,48,,E,49,,E,49,,E,50,,E,50,,E,51,,E,51,,E,52,,E,52,,E,53,,E,53,,E,53,,E,53,,E,53,,E, , , , , , , , , , , , , , , 
232,Eritrea,668,Y,"Proportion of the population using improved sanitation facilities, total",9,,E,9,,E,9,,E,10,,E,10,,E,10,,E,10,,E,10,,E,11,,E,11,,E,11,,E,12,,E,12,,E,12,,E,13,,E,13,,E,13,,E,14,,E,14,,E,14,,E,15,,E,15,,E,15,,E,15,,E,16,,E,16,,E, , , , , , , , , , , , , , , 
232,Eritrea,669,N,"Proportion of the population using improved sanitation facilities, urban",59,,E,59,,E,59,,E,59,,E,58,,E,57,,E,57,,E,56,,E,55,,E,54,,E,54,,E,53,,E,52,,E,51,,E,51,,E,50,,E,49,,E,48,,E,48,,E,47,,E,46,,E,45,,E,45,,E,45,,E,45,,E,45,,E, , , , , , , , , , , , , , , 
232,Eritrea,670,N,"Proportion of the population using improved sanitation facilities, rural",0,,E,0,,E,0,,E,0,,E,0,,E,0,,E,1,,E,1,,E,2,,E,2,,E,2,,E,3,,E,3,,E,4,,E,4,,E,4,,E,5,,E,5,,E,6,,E,6,,E,7,,E,7,,E,7,,E,7,,E,7,,E,7,,E, , , , , , , , , , , , , , , 
231,Ethiopia,665,Y,"Proportion of the population using improved drinking water sources, total",13,,E,13,,E,14,,E,16,,E,18,,E,20,,E,21,,E,23,,E,25,,E,27,,E,29,,E,31,,E,33,,E,35,,E,36,,E,38,,E,40,,E,42,,E,44,,E,46,,E,48,,E,50,,E,52,,E,54,,E,55,,E,57,,E, , , , , , , , , , , , , , , 
231,Ethiopia,666,N,"Proportion of the population using improved drinking water sources, urban",84,,E,84,,E,84,,E,84,,E,85,,E,85,,E,85,,E,86,,E,86,,E,87,,E,87,,E,87,,E,88,,E,88,,E,89,,E,89,,E,90,,E,90,,E,90,,E,91,,E,91,,E,92,,E,92,,E,92,,E,93,,E,93,,E, , , , , , , , , , , , , , , 
231,Ethiopia,667,N,"Proportion of the population using improved drinking water sources, rural",3,,E,3,,E,3,,E,5,,E,7,,E,9,,E,11,,E,13,,E,15,,E,17,,E,19,,E,21,,E,23,,E,25,,E,27,,E,29,,E,31,,E,33,,E,35,,E,37,,E,39,,E,41,,E,43,,E,45,,E,47,,E,49,,E, , , , , , , , , , , , , , , 
231,Ethiopia,668,Y,"Proportion of the population using improved sanitation facilities, total",3,,E,3,,E,3,,E,3,,E,3,,E,3,,E,3,,E,5,,E,6,,E,7,,E,9,,E,10,,E,11,,E,13,,E,14,,E,15,,E,17,,E,18,,E,19,,E,20,,E,22,,E,23,,E,24,,E,26,,E,27,,E,28,,E, , , , , , , , , , , , , , , 
231,Ethiopia,669,N,"Proportion of the population using improved sanitation facilities, urban",21,,E,21,,E,21,,E,21,,E,21,,E,21,,E,22,,E,22,,E,22,,E,23,,E,23,,E,23,,E,23,,E,24,,E,24,,E,24,,E,25,,E,25,,E,25,,E,26,,E,26,,E,26,,E,26,,E,27,,E,27,,E,27,,E, , , , , , , , , , , , , , , 
231,Ethiopia,670,N,"Proportion of the population using improved sanitation facilities, rural",0,,E,0,,E,0,,E,0,,E,0,,E,0,,E,0,,E,2,,E,3,,E,5,,E,6,,E,8,,E,9,,E,11,,E,12,,E,14,,E,15,,E,16,,E,18,,E,19,,E,21,,E,22,,E,24,,E,25,,E,27,,E,28,,E, , , , , , , , , , , , , , , 
266,Gabon,665,Y,"Proportion of the population using improved drinking water sources, total",,,,,,,,,,,,,79,,E,80,,E,81,,E,81,,E,82,,E,83,,E,84,,E,85,,E,86,,E,86,,E,87,,E,88,,E,89,,E,89,,E,90,,E,91,,E,91,,E,92,,E,92,,E,93,,E,93,,E,93,,E, , , , , , , , , , , , , , , 
266,Gabon,666,N,"Proportion of the population using improved drinking water sources, urban",,,,,,,,,,,,,94,,E,94,,E,94,,E,94,,E,94,,E,94,,E,95,,E,95,,E,95,,E,95,,E,95,,E,95,,E,96,,E,96,,E,96,,E,96,,E,96,,E,97,,E,97,,E,97,,E,97,,E,97,,E, , , , , , , , , , , , , , , 
266,Gabon,667,N,"Proportion of the population using improved drinking water sources, rural",,,,,,,,,,,,,37,,E,37,,E,37,,E,37,,E,37,,E,39,,E,41,,E,43,,E,44,,E,46,,E,48,,E,50,,E,52,,E,54,,E,56,,E,57,,E,59,,E,61,,E,63,,E,65,,E,67,,E,67,,E, , , , , , , , , , , , , , , 
266,Gabon,668,Y,"Proportion of the population using improved sanitation facilities, total",,,,,,,,,,,,,38,,E,38,,E,38,,E,38,,E,38,,E,39,,E,39,,E,39,,E,39,,E,39,,E,40,,E,40,,E,40,,E,40,,E,41,,E,41,,E,41,,E,41,,E,41,,E,42,,E,42,,E,42,,E, , , , , , , , , , , , , , , 
266,Gabon,669,N,"Proportion of the population using improved sanitation facilities, urban",,,,,,,,,,,,,39,,E,39,,E,39,,E,39,,E,39,,E,40,,E,40,,E,40,,E,40,,E,41,,E,41,,E,41,,E,41,,E,42,,E,42,,E,42,,E,42,,E,43,,E,43,,E,43,,E,43,,E,43,,E, , , , , , , , , , , , , , , 
266,Gabon,670,N,"Proportion of the population using improved sanitation facilities, rural",,,,,,,,,,,,,35,,E,35,,E,35,,E,35,,E,35,,E,35,,E,35,,E,35,,E,34,,E,34,,E,34,,E,34,,E,33,,E,33,,E,33,,E,33,,E,33,,E,32,,E,32,,E,32,,E,32,,E,32,,E, , , , , , , , , , , , , , , 
270,Gambia,665,Y,"Proportion of the population using improved drinking water sources, total",76,,E,77,,E,77,,E,78,,E,79,,E,79,,E,80,,E,81,,E,81,,E,82,,E,83,,E,83,,E,84,,E,85,,E,85,,E,86,,E,87,,E,87,,E,88,,E,88,,E,89,,E,90,,E,90,,E,90,,E,90,,E,90,,E, , , , , , , , , , , , , , , 
270,Gambia,666,N,"Proportion of the population using improved drinking water sources, urban",86,,E,86,,E,87,,E,87,,E,87,,E,88,,E,88,,E,88,,E,89,,E,89,,E,90,,E,90,,E,90,,E,91,,E,91,,E,92,,E,92,,E,92,,E,93,,E,93,,E,94,,E,94,,E,94,,E,94,,E,94,,E,94,,E, , , , , , , , , , , , , , , 
270,Gambia,667,N,"Proportion of the population using improved drinking water sources, rural",70,,E,70,,E,71,,E,72,,E,72,,E,73,,E,74,,E,74,,E,75,,E,76,,E,76,,E,77,,E,78,,E,78,,E,79,,E,80,,E,80,,E,81,,E,82,,E,82,,E,83,,E,84,,E,84,,E,84,,E,84,,E,84,,E, , , , , , , , , , , , , , , 
270,Gambia,668,Y,"Proportion of the population using improved sanitation facilities, total",,,,,,,60,,E,60,,E,60,,E,60,,E,60,,E,60,,E,60,,E,60,,E,60,,E,60,,E,60,,E,59,,E,59,,E,59,,E,59,,E,59,,E,59,,E,59,,E,59,,E,59,,E,59,,E,59,,E,59,,E,59,,E, , , , , , , , , , , , , , , 
270,Gambia,669,N,"Proportion of the population using improved sanitation facilities, urban",,,,,,,59,,E,59,,E,59,,E,59,,E,59,,E,59,,E,60,,E,60,,E,60,,E,60,,E,60,,E,60,,E,60,,E,61,,E,61,,E,61,,E,61,,E,61,,E,61,,E,61,,E,62,,E,62,,E,62,,E,62,,E, , , , , , , , , , , , , , , 
270,Gambia,670,N,"Proportion of the population using improved sanitation facilities, rural",,,,,,,61,,E,61,,E,61,,E,61,,E,61,,E,61,,E,60,,E,60,,E,60,,E,59,,E,59,,E,59,,E,58,,E,58,,E,57,,E,57,,E,57,,E,56,,E,56,,E,55,,E,55,,E,55,,E,55,,E,55,,E, , , , , , , , , , , , , , , 
288,Ghana,665,Y,"Proportion of the population using improved drinking water sources, total",56,,E,57,,E,59,,E,60,,E,62,,E,63,,E,65,,E,66,,E,68,,E,69,,E,71,,E,72,,E,73,,E,75,,E,76,,E,77,,E,78,,E,80,,E,81,,E,82,,E,83,,E,84,,E,85,,E,87,,E,88,,E,89,,E, , , , , , , , , , , , , , , 
288,Ghana,666,N,"Proportion of the population using improved drinking water sources, urban",84,,E,85,,E,85,,E,85,,E,86,,E,86,,E,86,,E,87,,E,87,,E,87,,E,88,,E,88,,E,88,,E,89,,E,89,,E,89,,E,90,,E,90,,E,90,,E,91,,E,91,,E,91,,E,92,,E,92,,E,92,,E,93,,E, , , , , , , , , , , , , , , 
288,Ghana,667,N,"Proportion of the population using improved drinking water sources, rural",39,,E,41,,E,43,,E,45,,E,46,,E,48,,E,50,,E,52,,E,54,,E,55,,E,57,,E,59,,E,61,,E,63,,E,64,,E,66,,E,68,,E,70,,E,72,,E,73,,E,75,,E,77,,E,79,,E,80,,E,82,,E,84,,E, , , , , , , , , , , , , , , 
288,Ghana,668,Y,"Proportion of the population using improved sanitation facilities, total",7,,E,7,,E,8,,E,8,,E,8,,E,9,,E,9,,E,9,,E,10,,E,10,,E,10,,E,11,,E,11,,E,11,,E,12,,E,12,,E,12,,E,13,,E,13,,E,13,,E,14,,E,14,,E,14,,E,15,,E,15,,E,15,,E, , , , , , , , , , , , , , , 
288,Ghana,669,N,"Proportion of the population using improved sanitation facilities, urban",13,,E,13,,E,13,,E,14,,E,14,,E,14,,E,15,,E,15,,E,15,,E,16,,E,16,,E,16,,E,17,,E,17,,E,17,,E,18,,E,18,,E,18,,E,19,,E,19,,E,19,,E,20,,E,20,,E,20,,E,20,,E,20,,E, , , , , , , , , , , , , , , 
288,Ghana,670,N,"Proportion of the population using improved sanitation facilities, rural",4,,E,4,,E,4,,E,4,,E,5,,E,5,,E,5,,E,5,,E,6,,E,6,,E,6,,E,6,,E,6,,E,7,,E,7,,E,7,,E,7,,E,7,,E,8,,E,8,,E,8,,E,8,,E,8,,E,9,,E,9,,E,9,,E, , , , , , , , , , , , , , , 
324,Guinea,665,Y,"Proportion of the population using improved drinking water sources, total",52,,E,53,,E,55,,E,56,,E,57,,E,58,,E,59,,E,60,,E,61,,E,62,,E,63,,E,64,,E,65,,E,66,,E,67,,E,68,,E,69,,E,70,,E,71,,E,72,,E,73,,E,74,,E,75,,E,76,,E,77,,E,77,,E, , , , , , , , , , , , , , , 
324,Guinea,666,N,"Proportion of the population using improved drinking water sources, urban",86,,E,87,,E,87,,E,87,,E,87,,E,88,,E,88,,E,88,,E,89,,E,89,,E,89,,E,89,,E,90,,E,90,,E,90,,E,90,,E,91,,E,91,,E,91,,E,91,,E,92,,E,92,,E,92,,E,93,,E,93,,E,93,,E, , , , , , , , , , , , , , , 
324,Guinea,667,N,"Proportion of the population using improved drinking water sources, rural",39,,E,40,,E,42,,E,43,,E,44,,E,45,,E,46,,E,47,,E,49,,E,50,,E,51,,E,52,,E,53,,E,54,,E,56,,E,57,,E,58,,E,59,,E,60,,E,62,,E,63,,E,64,,E,65,,E,66,,E,67,,E,67,,E, , , , , , , , , , , , , , , 
324,Guinea,668,Y,"Proportion of the population using improved sanitation facilities, total",8,,E,9,,E,9,,E,10,,E,10,,E,11,,E,11,,E,12,,E,12,,E,12,,E,13,,E,13,,E,14,,E,14,,E,15,,E,15,,E,16,,E,16,,E,17,,E,17,,E,18,,E,18,,E,19,,E,19,,E,20,,E,20,,E, , , , , , , , , , , , , , , 
324,Guinea,669,N,"Proportion of the population using improved sanitation facilities, urban",18,,E,18,,E,19,,E,20,,E,20,,E,21,,E,22,,E,22,,E,23,,E,24,,E,25,,E,25,,E,26,,E,27,,E,27,,E,28,,E,29,,E,29,,E,30,,E,31,,E,31,,E,32,,E,33,,E,33,,E,34,,E,34,,E, , , , , , , , , , , , , , , 
324,Guinea,670,N,"Proportion of the population using improved sanitation facilities, rural",5,,E,5,,E,5,,E,6,,E,6,,E,6,,E,7,,E,7,,E,7,,E,7,,E,8,,E,8,,E,8,,E,9,,E,9,,E,9,,E,10,,E,10,,E,10,,E,10,,E,11,,E,11,,E,11,,E,12,,E,12,,E,12,,E, , , , , , , , , , , , , , , 
624,Guinea-Bissau,665,Y,"Proportion of the population using improved drinking water sources, total",36,,E,38,,E,39,,E,41,,E,42,,E,44,,E,45,,E,47,,E,49,,E,50,,E,52,,E,54,,E,56,,E,57,,E,59,,E,61,,E,63,,E,64,,E,66,,E,68,,E,70,,E,72,,E,74,,E,76,,E,77,,E,79,,E, , , , , , , , , , , , , , , 
624,Guinea-Bissau,666,N,"Proportion of the population using improved drinking water sources, urban",47,,E,49,,E,51,,E,53,,E,55,,E,57,,E,59,,E,61,,E,63,,E,65,,E,67,,E,70,,E,72,,E,74,,E,76,,E,78,,E,80,,E,82,,E,84,,E,86,,E,88,,E,90,,E,93,,E,95,,E,97,,E,99,,E, , , , , , , , , , , , , , , 
624,Guinea-Bissau,667,N,"Proportion of the population using improved drinking water sources, rural",32,,E,33,,E,34,,E,35,,E,36,,E,37,,E,39,,E,40,,E,41,,E,42,,E,43,,E,44,,E,45,,E,47,,E,48,,E,49,,E,50,,E,51,,E,52,,E,53,,E,55,,E,56,,E,57,,E,58,,E,59,,E,60,,E, , , , , , , , , , , , , , , 
624,Guinea-Bissau,668,Y,"Proportion of the population using improved sanitation facilities, total",,,,,,,,,,,,,11,,E,11,,E,11,,E,11,,E,11,,E,12,,E,12,,E,13,,E,14,,E,14,,E,15,,E,16,,E,16,,E,17,,E,18,,E,18,,E,19,,E,20,,E,20,,E,21,,E,21,,E,21,,E, , , , , , , , , , , , , , , 
624,Guinea-Bissau,669,N,"Proportion of the population using improved sanitation facilities, urban",,,,,,,,,,,,,26,,E,26,,E,26,,E,26,,E,26,,E,26,,E,27,,E,28,,E,28,,E,29,,E,29,,E,30,,E,30,,E,31,,E,31,,E,32,,E,32,,E,33,,E,34,,E,34,,E,34,,E,34,,E, , , , , , , , , , , , , , , 
624,Guinea-Bissau,670,N,"Proportion of the population using improved sanitation facilities, rural",3,,E,3,,E,3,,E,3,,E,3,,E,3,,E,3,,E,3,,E,3,,E,4,,E,4,,E,4,,E,5,,E,5,,E,6,,E,6,,E,6,,E,7,,E,7,,E,7,,E,8,,E,8,,E,9,,E,9,,E,9,,E,9,,E, , , , , , , , , , , , , , , 
404,Kenya,665,Y,"Proportion of the population using improved drinking water sources, total",43,,E,44,,E,45,,E,46,,E,47,,E,47,,E,48,,E,49,,E,50,,E,51,,E,52,,E,53,,E,54,,E,54,,E,55,,E,56,,E,57,,E,58,,E,59,,E,59,,E,60,,E,61,,E,62,,E,62,,E,63,,E,63,,E, , , , , , , , , , , , , , , 
404,Kenya,666,N,"Proportion of the population using improved drinking water sources, urban",92,,E,91,,E,91,,E,90,,E,90,,E,90,,E,89,,E,89,,E,88,,E,88,,E,88,,E,87,,E,87,,E,86,,E,86,,E,85,,E,85,,E,85,,E,84,,E,84,,E,83,,E,83,,E,83,,E,82,,E,82,,E,82,,E, , , , , , , , , , , , , , , 
404,Kenya,667,N,"Proportion of the population using improved drinking water sources, rural",33,,E,34,,E,35,,E,36,,E,37,,E,38,,E,39,,E,40,,E,41,,E,42,,E,43,,E,44,,E,45,,E,46,,E,47,,E,48,,E,49,,E,50,,E,51,,E,52,,E,53,,E,54,,E,55,,E,56,,E,57,,E,57,,E, , , , , , , , , , , , , , , 
404,Kenya,668,Y,"Proportion of the population using improved sanitation facilities, total",25,,E,25,,E,25,,E,25,,E,26,,E,26,,E,26,,E,26,,E,26,,E,27,,E,27,,E,27,,E,27,,E,28,,E,28,,E,28,,E,28,,E,29,,E,29,,E,29,,E,29,,E,29,,E,30,,E,30,,E,30,,E,30,,E, , , , , , , , , , , , , , , 
404,Kenya,669,N,"Proportion of the population using improved sanitation facilities, urban",27,,E,27,,E,27,,E,27,,E,27,,E,28,,E,28,,E,28,,E,28,,E,28,,E,29,,E,29,,E,29,,E,29,,E,29,,E,30,,E,30,,E,30,,E,30,,E,30,,E,31,,E,31,,E,31,,E,31,,E,31,,E,31,,E, , , , , , , , , , , , , , , 
404,Kenya,670,N,"Proportion of the population using improved sanitation facilities, rural",24,,E,24,,E,25,,E,25,,E,25,,E,25,,E,26,,E,26,,E,26,,E,26,,E,27,,E,27,,E,27,,E,27,,E,27,,E,28,,E,28,,E,28,,E,28,,E,29,,E,29,,E,29,,E,29,,E,30,,E,30,,E,30,,E, , , , , , , , , , , , , , , 
426,Lesotho,665,Y,"Proportion of the population using improved drinking water sources, total",77,,E,78,,E,78,,E,78,,E,78,,E,78,,E,78,,E,78,,E,79,,E,79,,E,79,,E,79,,E,79,,E,80,,E,80,,E,80,,E,80,,E,80,,E,81,,E,81,,E,81,,E,81,,E,81,,E,81,,E,82,,E,82,,E, , , , , , , , , , , , , , , 
426,Lesotho,666,N,"Proportion of the population using improved drinking water sources, urban",93,,E,93,,E,93,,E,93,,E,93,,E,93,,E,93,,E,93,,E,93,,E,93,,E,93,,E,93,,E,93,,E,93,,E,94,,E,94,,E,94,,E,94,,E,94,,E,94,,E,94,,E,94,,E,94,,E,94,,E,95,,E,95,,E, , , , , , , , , , , , , , , 
426,Lesotho,667,N,"Proportion of the population using improved drinking water sources, rural",75,,E,75,,E,75,,E,75,,E,75,,E,75,,E,75,,E,75,,E,75,,E,75,,E,76,,E,76,,E,76,,E,76,,E,76,,E,76,,E,76,,E,76,,E,76,,E,76,,E,77,,E,77,,E,77,,E,77,,E,77,,E,77,,E, , , , , , , , , , , , , , , 
426,Lesotho,668,Y,"Proportion of the population using improved sanitation facilities, total",,,,,,,,,,,,,23,,E,23,,E,23,,E,23,,E,23,,E,23,,E,24,,E,24,,E,25,,E,25,,E,26,,E,26,,E,27,,E,27,,E,28,,E,28,,E,29,,E,29,,E,29,,E,30,,E,30,,E,30,,E, , , , , , , , , , , , , , , 
426,Lesotho,669,N,"Proportion of the population using improved sanitation facilities, urban",,,,,,,,,,,,,35,,E,35,,E,35,,E,35,,E,35,,E,35,,E,35,,E,35,,E,35,,E,36,,E,36,,E,36,,E,36,,E,36,,E,36,,E,37,,E,37,,E,37,,E,37,,E,37,,E,37,,E,37,,E, , , , , , , , , , , , , , , 
426,Lesotho,670,N,"Proportion of the population using improved sanitation facilities, rural",,,,,,,,,,,,,20,,E,20,,E,20,,E,20,,E,20,,E,21,,E,21,,E,22,,E,22,,E,23,,E,23,,E,23,,E,24,,E,24,,E,25,,E,25,,E,26,,E,26,,E,27,,E,27,,E,28,,E,28,,E, , , , , , , , , , , , , , , 
430,Liberia,665,Y,"Proportion of the population using improved drinking water sources, total",,,,,,,,,,,,,62,,E,61,,E,61,,E,61,,E,61,,E,62,,E,62,,E,63,,E,64,,E,65,,E,66,,E,67,,E,68,,E,69,,E,69,,E,70,,E,71,,E,72,,E,73,,E,74,,E,75,,E,76,,E, , , , , , , , , , , , , , , 
430,Liberia,666,N,"Proportion of the population using improved drinking water sources, urban",,,,,,,,,,,,,75,,E,75,,E,75,,E,75,,E,75,,E,75,,E,76,,E,77,,E,78,,E,79,,E,80,,E,80,,E,81,,E,82,,E,83,,E,84,,E,85,,E,85,,E,86,,E,87,,E,88,,E,89,,E, , , , , , , , , , , , , , , 
430,Liberia,667,N,"Proportion of the population using improved drinking water sources, rural",,,,,,,,,,,,,50,,E,50,,E,50,,E,50,,E,50,,E,51,,E,51,,E,52,,E,53,,E,54,,E,54,,E,55,,E,56,,E,57,,E,57,,E,58,,E,59,,E,60,,E,60,,E,61,,E,62,,E,63,,E, , , , , , , , , , , , , , , 
430,Liberia,668,Y,"Proportion of the population using improved sanitation facilities, total",,,,,,,,,,,,,14,,E,13,,E,13,,E,13,,E,13,,E,13,,E,13,,E,13,,E,14,,E,14,,E,14,,E,14,,E,15,,E,15,,E,15,,E,15,,E,16,,E,16,,E,16,,E,16,,E,17,,E,17,,E, , , , , , , , , , , , , , , 
430,Liberia,669,N,"Proportion of the population using improved sanitation facilities, urban",,,,,,,,,,,,,24,,E,24,,E,24,,E,24,,E,24,,E,25,,E,25,,E,25,,E,25,,E,25,,E,26,,E,26,,E,26,,E,26,,E,27,,E,27,,E,27,,E,27,,E,27,,E,28,,E,28,,E,28,,E, , , , , , , , , , , , , , , 
430,Liberia,670,N,"Proportion of the population using improved sanitation facilities, rural",4,,E,4,,E,4,,E,4,,E,4,,E,4,,E,4,,E,4,,E,4,,E,4,,E,4,,E,4,,E,4,,E,4,,E,4,,E,5,,E,5,,E,5,,E,5,,E,5,,E,5,,E,5,,E,6,,E,6,,E,6,,E,6,,E, , , , , , , , , , , , , , , 
450,Madagascar,665,Y,"Proportion of the population using improved drinking water sources, total",30,,E,30,,E,31,,E,32,,E,33,,E,34,,E,35,,E,36,,E,36,,E,37,,E,38,,E,39,,E,40,,E,40,,E,41,,E,42,,E,43,,E,44,,E,45,,E,46,,E,47,,E,48,,E,49,,E,50,,E,51,,E,52,,E, , , , , , , , , , , , , , , 
450,Madagascar,666,N,"Proportion of the population using improved drinking water sources, urban",71,,E,72,,E,72,,E,73,,E,73,,E,74,,E,74,,E,74,,E,75,,E,75,,E,76,,E,76,,E,76,,E,77,,E,77,,E,78,,E,78,,E,78,,E,79,,E,79,,E,80,,E,80,,E,80,,E,81,,E,81,,E,82,,E, , , , , , , , , , , , , , , 
450,Madagascar,667,N,"Proportion of the population using improved drinking water sources, rural",17,,E,17,,E,18,,E,19,,E,20,,E,20,,E,21,,E,22,,E,23,,E,23,,E,24,,E,25,,E,26,,E,26,,E,27,,E,28,,E,29,,E,29,,E,30,,E,31,,E,32,,E,32,,E,33,,E,34,,E,35,,E,35,,E, , , , , , , , , , , , , , , 
450,Madagascar,668,Y,"Proportion of the population using improved sanitation facilities, total",9,,E,10,,E,10,,E,10,,E,10,,E,10,,E,10,,E,10,,E,10,,E,10,,E,10,,E,10,,E,11,,E,11,,E,11,,E,11,,E,11,,E,11,,E,11,,E,11,,E,11,,E,12,,E,12,,E,12,,E,12,,E,12,,E, , , , , , , , , , , , , , , 
450,Madagascar,669,N,"Proportion of the population using improved sanitation facilities, urban",15,,E,15,,E,16,,E,16,,E,16,,E,16,,E,16,,E,16,,E,16,,E,16,,E,16,,E,17,,E,17,,E,17,,E,17,,E,17,,E,17,,E,17,,E,17,,E,17,,E,18,,E,18,,E,18,,E,18,,E,18,,E,18,,E, , , , , , , , , , , , , , , 
450,Madagascar,670,N,"Proportion of the population using improved sanitation facilities, rural",8,,E,8,,E,8,,E,8,,E,8,,E,8,,E,8,,E,8,,E,8,,E,8,,E,8,,E,8,,E,8,,E,8,,E,8,,E,8,,E,8,,E,8,,E,8,,E,8,,E,9,,E,9,,E,9,,E,9,,E,9,,E,9,,E, , , , , , , , , , , , , , , 
454,Malawi,665,Y,"Proportion of the population using improved drinking water sources, total",43,,E,45,,E,47,,E,49,,E,51,,E,53,,E,55,,E,57,,E,59,,E,61,,E,63,,E,64,,E,66,,E,68,,E,70,,E,72,,E,74,,E,76,,E,77,,E,79,,E,81,,E,83,,E,85,,E,87,,E,88,,E,90,,E, , , , , , , , , , , , , , , 
454,Malawi,666,N,"Proportion of the population using improved drinking water sources, urban",91,,E,91,,E,92,,E,92,,E,92,,E,92,,E,92,,E,92,,E,93,,E,93,,E,93,,E,93,,E,93,,E,94,,E,94,,E,94,,E,94,,E,94,,E,94,,E,95,,E,95,,E,95,,E,95,,E,95,,E,96,,E,96,,E, , , , , , , , , , , , , , , 
454,Malawi,667,N,"Proportion of the population using improved drinking water sources, rural",36,,E,38,,E,40,,E,43,,E,45,,E,47,,E,49,,E,51,,E,53,,E,55,,E,57,,E,59,,E,62,,E,64,,E,66,,E,68,,E,70,,E,72,,E,74,,E,76,,E,79,,E,81,,E,83,,E,85,,E,87,,E,89,,E, , , , , , , , , , , , , , , 
454,Malawi,668,Y,"Proportion of the population using improved sanitation facilities, total",29,,E,30,,E,30,,E,31,,E,31,,E,32,,E,32,,E,33,,E,33,,E,34,,E,34,,E,35,,E,35,,E,36,,E,36,,E,37,,E,37,,E,37,,E,38,,E,38,,E,39,,E,39,,E,40,,E,40,,E,41,,E,41,,E, , , , , , , , , , , , , , , 
454,Malawi,669,N,"Proportion of the population using improved sanitation facilities, urban",46,,E,46,,E,46,,E,46,,E,46,,E,46,,E,46,,E,46,,E,46,,E,46,,E,46,,E,46,,E,46,,E,47,,E,47,,E,47,,E,47,,E,47,,E,47,,E,47,,E,47,,E,47,,E,47,,E,47,,E,47,,E,47,,E, , , , , , , , , , , , , , , 
454,Malawi,670,N,"Proportion of the population using improved sanitation facilities, rural",27,,E,28,,E,28,,E,29,,E,29,,E,30,,E,30,,E,31,,E,31,,E,32,,E,32,,E,33,,E,33,,E,34,,E,34,,E,35,,E,35,,E,36,,E,36,,E,37,,E,37,,E,38,,E,38,,E,39,,E,39,,E,40,,E, , , , , , , , , , , , , , , 
466,Mali,665,Y,"Proportion of the population using improved drinking water sources, total",27,,E,29,,E,31,,E,33,,E,35,,E,37,,E,39,,E,41,,E,43,,E,45,,E,47,,E,49,,E,51,,E,53,,E,55,,E,57,,E,59,,E,61,,E,63,,E,65,,E,67,,E,69,,E,71,,E,73,,E,75,,E,77,,E, , , , , , , , , , , , , , , 
466,Mali,666,N,"Proportion of the population using improved drinking water sources, urban",53,,E,55,,E,57,,E,58,,E,60,,E,62,,E,63,,E,65,,E,67,,E,69,,E,70,,E,72,,E,74,,E,76,,E,77,,E,79,,E,81,,E,83,,E,84,,E,86,,E,88,,E,90,,E,91,,E,93,,E,95,,E,97,,E, , , , , , , , , , , , , , , 
466,Mali,667,N,"Proportion of the population using improved drinking water sources, rural",19,,E,21,,E,23,,E,25,,E,26,,E,28,,E,30,,E,32,,E,34,,E,35,,E,37,,E,39,,E,41,,E,43,,E,44,,E,46,,E,48,,E,50,,E,52,,E,53,,E,55,,E,57,,E,59,,E,61,,E,62,,E,64,,E, , , , , , , , , , , , , , , 
466,Mali,668,Y,"Proportion of the population using improved sanitation facilities, total",14,,E,14,,E,15,,E,15,,E,16,,E,16,,E,16,,E,17,,E,17,,E,18,,E,18,,E,18,,E,19,,E,19,,E,20,,E,20,,E,21,,E,21,,E,22,,E,22,,E,22,,E,23,,E,23,,E,24,,E,24,,E,25,,E, , , , , , , , , , , , , , , 
466,Mali,669,N,"Proportion of the population using improved sanitation facilities, urban",31,,E,31,,E,31,,E,32,,E,32,,E,32,,E,32,,E,33,,E,33,,E,33,,E,33,,E,34,,E,34,,E,34,,E,35,,E,35,,E,35,,E,35,,E,36,,E,36,,E,36,,E,36,,E,37,,E,37,,E,37,,E,38,,E, , , , , , , , , , , , , , , 
466,Mali,670,N,"Proportion of the population using improved sanitation facilities, rural",9,,E,9,,E,10,,E,10,,E,10,,E,10,,E,11,,E,11,,E,11,,E,12,,E,12,,E,12,,E,12,,E,13,,E,13,,E,13,,E,14,,E,14,,E,14,,E,14,,E,15,,E,15,,E,15,,E,16,,E,16,,E,16,,E, , , , , , , , , , , , , , , 
478,Mauritania,665,Y,"Proportion of the population using improved drinking water sources, total",29,,E,31,,E,32,,E,33,,E,34,,E,36,,E,37,,E,38,,E,40,,E,41,,E,42,,E,43,,E,45,,E,46,,E,47,,E,48,,E,50,,E,51,,E,52,,E,53,,E,54,,E,56,,E,57,,E,58,,E,58,,E,58,,E, , , , , , , , , , , , , , , 
478,Mauritania,666,N,"Proportion of the population using improved drinking water sources, urban",35,,E,36,,E,37,,E,38,,E,39,,E,40,,E,41,,E,42,,E,43,,E,44,,E,45,,E,46,,E,47,,E,48,,E,49,,E,50,,E,51,,E,52,,E,53,,E,54,,E,55,,E,56,,E,57,,E,58,,E,58,,E,58,,E, , , , , , , , , , , , , , , 
478,Mauritania,667,N,"Proportion of the population using improved drinking water sources, rural",25,,E,26,,E,28,,E,29,,E,31,,E,32,,E,33,,E,35,,E,36,,E,38,,E,39,,E,40,,E,42,,E,43,,E,45,,E,46,,E,47,,E,49,,E,50,,E,52,,E,53,,E,54,,E,56,,E,57,,E,57,,E,57,,E, , , , , , , , , , , , , , , 
478,Mauritania,668,Y,"Proportion of the population using improved sanitation facilities, total",16,,E,16,,E,16,,E,16,,E,17,,E,18,,E,19,,E,20,,E,22,,E,23,,E,24,,E,25,,E,26,,E,27,,E,28,,E,30,,E,31,,E,32,,E,33,,E,34,,E,36,,E,37,,E,38,,E,40,,E,40,,E,40,,E, , , , , , , , , , , , , , , 
478,Mauritania,669,N,"Proportion of the population using improved sanitation facilities, urban",29,,E,29,,E,29,,E,29,,E,30,,E,32,,E,33,,E,34,,E,36,,E,37,,E,39,,E,40,,E,42,,E,43,,E,45,,E,46,,E,47,,E,49,,E,50,,E,52,,E,53,,E,55,,E,56,,E,58,,E,58,,E,58,,E, , , , , , , , , , , , , , , 
478,Mauritania,670,N,"Proportion of the population using improved sanitation facilities, rural",7,,E,7,,E,7,,E,7,,E,7,,E,7,,E,8,,E,8,,E,8,,E,9,,E,9,,E,9,,E,10,,E,10,,E,11,,E,11,,E,11,,E,12,,E,12,,E,12,,E,13,,E,13,,E,14,,E,14,,E,14,,E,14,,E, , , , , , , , , , , , , , , 
480,Mauritius,665,Y,"Proportion of the population using improved drinking water sources, total",99,,E,99,,E,99,,E,99,,E,99,,E,99,,E,99,,E,99,,E,99,,E,99,,E,99,,E,99,,E,99,,E,99,,E,99,,E,100,,E,100,,E,100,,E,100,,E,100,,E,100,,E,100,,E,100,,E,100,,E,100,,E,100,,E, , , , , , , , , , , , , , , 
480,Mauritius,666,N,"Proportion of the population using improved drinking water sources, urban",100,,E,100,,E,100,,E,100,,E,100,,E,100,,E,100,,E,100,,E,100,,E,100,,E,100,,E,100,,E,100,,E,100,,E,100,,E,100,,E,100,,E,100,,E,100,,E,100,,E,100,,E,100,,E,100,,E,100,,E,100,,E,100,,E, , , , , , , , , , , , , , , 
480,Mauritius,667,N,"Proportion of the population using improved drinking water sources, rural",99,,E,99,,E,99,,E,99,,E,99,,E,99,,E,99,,E,99,,E,99,,E,99,,E,99,,E,99,,E,99,,E,99,,E,99,,E,99,,E,99,,E,99,,E,100,,E,100,,E,100,,E,100,,E,100,,E,100,,E,100,,E,100,,E, , , , , , , , , , , , , , , 
480,Mauritius,668,Y,"Proportion of the population using improved sanitation facilities, total",91,,E,91,,E,91,,E,91,,E,91,,E,91,,E,91,,E,91,,E,91,,E,91,,E,91,,E,92,,E,92,,E,92,,E,92,,E,92,,E,92,,E,92,,E,92,,E,93,,E,93,,E,93,,E,93,,E,93,,E,93,,E,93,,E, , , , , , , , , , , , , , , 
480,Mauritius,669,N,"Proportion of the population using improved sanitation facilities, urban",93,,E,93,,E,93,,E,93,,E,93,,E,93,,E,93,,E,93,,E,93,,E,93,,E,93,,E,93,,E,94,,E,94,,E,94,,E,94,,E,94,,E,94,,E,94,,E,94,,E,94,,E,94,,E,94,,E,94,,E,94,,E,94,,E, , , , , , , , , , , , , , , 
480,Mauritius,670,N,"Proportion of the population using improved sanitation facilities, rural",89,,E,89,,E,89,,E,89,,E,89,,E,89,,E,89,,E,89,,E,89,,E,90,,E,90,,E,90,,E,90,,E,91,,E,91,,E,91,,E,91,,E,91,,E,92,,E,92,,E,92,,E,92,,E,92,,E,93,,E,93,,E,93,,E, , , , , , , , , , , , , , , 
175,Mayotte,665,Y,"Proportion of the population using improved drinking water sources, total",,,,,,,,,,,,,,,,,,,,,,,,,,,,,,,,,,,,,,,,,,,,,,,,,,,,,,,,,,,,,,,,,,,,,,,,,,,,,,, , , , , , , , , , , , , , , 
175,Mayotte,666,N,"Proportion of the population using improved drinking water sources, urban",,,,,,,,,,,,,,,,,,,,,,,,,,,,,,,,,,,,,,,,,,,,,,,,,,,,,,,,,,,,,,,,,,,,,,,,,,,,,,, , , , , , , , , , , , , , , 
175,Mayotte,667,N,"Proportion of the population using improved drinking water sources, rural",,,,,,,,,,,,,,,,,,,,,,,,,,,,,,,,,,,,,,,,,,,,,,,,,,,,,,,,,,,,,,,,,,,,,,,,,,,,,,, , , , , , , , , , , , , , , 
175,Mayotte,668,Y,"Proportion of the population using improved sanitation facilities, total",,,,,,,,,,,,,,,,,,,,,,,,,,,,,,,,,,,,,,,,,,,,,,,,,,,,,,,,,,,,,,,,,,,,,,,,,,,,,,, , , , , , , , , , , , , , , 
175,Mayotte,669,N,"Proportion of the population using improved sanitation facilities, urban",,,,,,,,,,,,,,,,,,,,,,,,,,,,,,,,,,,,,,,,,,,,,,,,,,,,,,,,,,,,,,,,,,,,,,,,,,,,,,, , , , , , , , , , , , , , , 
175,Mayotte,670,N,"Proportion of the population using improved sanitation facilities, rural",,,,,,,,,,,,,,,,,,,,,,,,,,,,,,,,,,,,,,,,,,,,,,,,,,,,,,,,,,,,,,,,,,,,,,,,,,,,,,, , , , , , , , , , , , , , , 
508,Mozambique,665,Y,"Proportion of the population using improved drinking water sources, total",35,,E,35,,E,36,,E,36,,E,36,,E,37,,E,38,,E,39,,E,40,,E,40,,E,41,,E,42,,E,43,,E,43,,E,44,,E,45,,E,46,,E,46,,E,47,,E,48,,E,49,,E,49,,E,50,,E,51,,E,51,,E,51,,E, , , , , , , , , , , , , , , 
508,Mozambique,666,N,"Proportion of the population using improved drinking water sources, urban",72,,E,72,,E,72,,E,72,,E,72,,E,73,,E,73,,E,74,,E,74,,E,74,,E,75,,E,75,,E,76,,E,76,,E,77,,E,77,,E,78,,E,78,,E,78,,E,79,,E,79,,E,80,,E,80,,E,81,,E,81,,E,81,,E, , , , , , , , , , , , , , , 
508,Mozambique,667,N,"Proportion of the population using improved drinking water sources, rural",23,,E,23,,E,23,,E,23,,E,23,,E,24,,E,24,,E,25,,E,26,,E,27,,E,27,,E,28,,E,29,,E,30,,E,30,,E,31,,E,32,,E,33,,E,33,,E,34,,E,35,,E,36,,E,36,,E,37,,E,37,,E,37,,E, , , , , , , , , , , , , , , 
508,Mozambique,668,Y,"Proportion of the population using improved sanitation facilities, total",10,,E,10,,E,11,,E,11,,E,11,,E,12,,E,12,,E,13,,E,13,,E,14,,E,14,,E,15,,E,15,,E,16,,E,16,,E,17,,E,17,,E,17,,E,18,,E,18,,E,19,,E,19,,E,20,,E,20,,E,20,,E,21,,E, , , , , , , , , , , , , , , 
508,Mozambique,669,N,"Proportion of the population using improved sanitation facilities, urban",34,,E,34,,E,34,,E,34,,E,34,,E,35,,E,35,,E,36,,E,36,,E,37,,E,37,,E,37,,E,38,,E,38,,E,39,,E,39,,E,40,,E,40,,E,40,,E,41,,E,41,,E,42,,E,42,,E,42,,E,42,,E,42,,E, , , , , , , , , , , , , , , 
508,Mozambique,670,N,"Proportion of the population using improved sanitation facilities, rural",2,,E,2,,E,2,,E,2,,E,2,,E,3,,E,3,,E,3,,E,4,,E,4,,E,5,,E,5,,E,6,,E,6,,E,6,,E,7,,E,7,,E,8,,E,8,,E,8,,E,9,,E,9,,E,10,,E,10,,E,10,,E,10,,E, , , , , , , , , , , , , , , 
516,Namibia,665,Y,"Proportion of the population using improved drinking water sources, total",70,,E,70,,E,71,,E,72,,E,73,,E,74,,E,75,,E,76,,E,77,,E,78,,E,79,,E,79,,E,80,,E,81,,E,82,,E,83,,E,84,,E,85,,E,86,,E,87,,E,87,,E,88,,E,89,,E,90,,E,90,,E,91,,E, , , , , , , , , , , , , , , 
516,Namibia,666,N,"Proportion of the population using improved drinking water sources, urban",99,,E,99,,E,99,,E,99,,E,99,,E,99,,E,99,,E,99,,E,99,,E,99,,E,99,,E,99,,E,99,,E,98,,E,98,,E,98,,E,98,,E,98,,E,98,,E,98,,E,98,,E,98,,E,98,,E,98,,E,98,,E,98,,E, , , , , , , , , , , , , , , 
516,Namibia,667,N,"Proportion of the population using improved drinking water sources, rural",58,,E,60,,E,61,,E,62,,E,63,,E,64,,E,65,,E,66,,E,67,,E,68,,E,69,,E,70,,E,71,,E,72,,E,73,,E,74,,E,75,,E,76,,E,77,,E,78,,E,79,,E,81,,E,82,,E,83,,E,84,,E,85,,E, , , , , , , , , , , , , , , 
516,Namibia,668,Y,"Proportion of the population using improved sanitation facilities, total",24,,E,24,,E,25,,E,25,,E,25,,E,26,,E,26,,E,26,,E,27,,E,27,,E,27,,E,28,,E,28,,E,29,,E,29,,E,30,,E,30,,E,31,,E,31,,E,32,,E,32,,E,33,,E,33,,E,34,,E,34,,E,34,,E, , , , , , , , , , , , , , , 
516,Namibia,669,N,"Proportion of the population using improved sanitation facilities, urban",61,,E,61,,E,60,,E,60,,E,60,,E,60,,E,59,,E,59,,E,59,,E,59,,E,58,,E,58,,E,58,,E,58,,E,57,,E,57,,E,57,,E,57,,E,56,,E,56,,E,56,,E,56,,E,55,,E,55,,E,55,,E,55,,E, , , , , , , , , , , , , , , 
516,Namibia,670,N,"Proportion of the population using improved sanitation facilities, rural",10,,E,10,,E,10,,E,11,,E,11,,E,11,,E,12,,E,12,,E,12,,E,12,,E,13,,E,13,,E,13,,E,14,,E,14,,E,14,,E,14,,E,15,,E,15,,E,15,,E,15,,E,16,,E,16,,E,16,,E,17,,E,17,,E, , , , , , , , , , , , , , , 
562,Niger,665,Y,"Proportion of the population using improved drinking water sources, total",34,,E,35,,E,36,,E,37,,E,38,,E,39,,E,40,,E,41,,E,42,,E,43,,E,44,,E,45,,E,46,,E,47,,E,48,,E,49,,E,50,,E,51,,E,52,,E,53,,E,54,,E,55,,E,56,,E,57,,E,58,,E,58,,E, , , , , , , , , , , , , , , 
562,Niger,666,N,"Proportion of the population using improved drinking water sources, urban",61,,E,63,,E,65,,E,66,,E,68,,E,70,,E,71,,E,73,,E,75,,E,76,,E,78,,E,80,,E,81,,E,83,,E,85,,E,86,,E,88,,E,90,,E,91,,E,93,,E,95,,E,97,,E,98,,E,100,,E,100,,E,100,,E, , , , , , , , , , , , , , , 
562,Niger,667,N,"Proportion of the population using improved drinking water sources, rural",29,,E,30,,E,30,,E,31,,E,32,,E,33,,E,34,,E,35,,E,35,,E,36,,E,37,,E,38,,E,39,,E,40,,E,40,,E,41,,E,42,,E,43,,E,44,,E,45,,E,45,,E,46,,E,47,,E,48,,E,49,,E,49,,E, , , , , , , , , , , , , , , 
562,Niger,668,Y,"Proportion of the population using improved sanitation facilities, total",4,,E,4,,E,4,,E,5,,E,5,,E,5,,E,6,,E,6,,E,6,,E,6,,E,7,,E,7,,E,7,,E,7,,E,8,,E,8,,E,8,,E,9,,E,9,,E,9,,E,10,,E,10,,E,10,,E,11,,E,11,,E,11,,E, , , , , , , , , , , , , , , 
562,Niger,669,N,"Proportion of the population using improved sanitation facilities, urban",19,,E,20,,E,21,,E,21,,E,22,,E,23,,E,24,,E,25,,E,25,,E,26,,E,27,,E,28,,E,28,,E,29,,E,30,,E,31,,E,32,,E,32,,E,33,,E,34,,E,35,,E,36,,E,36,,E,37,,E,38,,E,38,,E, , , , , , , , , , , , , , , 
562,Niger,670,N,"Proportion of the population using improved sanitation facilities, rural",1,,E,1,,E,2,,E,2,,E,2,,E,2,,E,2,,E,2,,E,2,,E,3,,E,3,,E,3,,E,3,,E,3,,E,3,,E,3,,E,4,,E,4,,E,4,,E,4,,E,4,,E,4,,E,4,,E,5,,E,5,,E,5,,E, , , , , , , , , , , , , , , 
566,Nigeria,665,Y,"Proportion of the population using improved drinking water sources, total",40,,E,41,,E,42,,E,44,,E,45,,E,46,,E,47,,E,48,,E,50,,E,51,,E,52,,E,53,,E,54,,E,55,,E,57,,E,58,,E,59,,E,60,,E,61,,E,62,,E,63,,E,65,,E,66,,E,67,,E,68,,E,69,,E, , , , , , , , , , , , , , , 
566,Nigeria,666,N,"Proportion of the population using improved drinking water sources, urban",76,,E,77,,E,77,,E,77,,E,77,,E,77,,E,78,,E,78,,E,78,,E,78,,E,78,,E,78,,E,79,,E,79,,E,79,,E,79,,E,79,,E,79,,E,80,,E,80,,E,80,,E,80,,E,80,,E,81,,E,81,,E,81,,E, , , , , , , , , , , , , , , 
566,Nigeria,667,N,"Proportion of the population using improved drinking water sources, rural",25,,E,26,,E,27,,E,29,,E,30,,E,31,,E,32,,E,34,,E,35,,E,36,,E,38,,E,39,,E,40,,E,42,,E,43,,E,44,,E,46,,E,47,,E,48,,E,49,,E,51,,E,52,,E,53,,E,55,,E,56,,E,57,,E, , , , , , , , , , , , , , , 
566,Nigeria,668,Y,"Proportion of the population using improved sanitation facilities, total",38,,E,38,,E,37,,E,37,,E,36,,E,36,,E,36,,E,35,,E,35,,E,34,,E,34,,E,34,,E,33,,E,33,,E,33,,E,32,,E,32,,E,32,,E,31,,E,31,,E,31,,E,30,,E,30,,E,30,,E,29,,E,29,,E, , , , , , , , , , , , , , , 
566,Nigeria,669,N,"Proportion of the population using improved sanitation facilities, urban",38,,E,38,,E,37,,E,37,,E,37,,E,37,,E,37,,E,36,,E,36,,E,36,,E,36,,E,36,,E,35,,E,35,,E,35,,E,35,,E,35,,E,34,,E,34,,E,34,,E,34,,E,34,,E,33,,E,33,,E,33,,E,33,,E, , , , , , , , , , , , , , , 
566,Nigeria,670,N,"Proportion of the population using improved sanitation facilities, rural",38,,E,38,,E,37,,E,37,,E,36,,E,36,,E,35,,E,35,,E,34,,E,34,,E,33,,E,33,,E,32,,E,32,,E,31,,E,31,,E,30,,E,30,,E,29,,E,29,,E,28,,E,28,,E,27,,E,27,,E,26,,E,25,,E, , , , , , , , , , , , , , , 
638,Reunion,665,Y,"Proportion of the population using improved drinking water sources, total",99,,E,99,,E,99,,E,99,,E,99,,E,99,,E,99,,E,99,,E,99,,E,99,,E,99,,E,99,,E,99,,E,99,,E,99,,E,99,,E,99,,E,99,,E,99,,E,99,,E,99,,E,99,,E,99,,E,99,,E,99,,E,99,,E, , , , , , , , , , , , , , , 
638,Reunion,666,N,"Proportion of the population using improved drinking water sources, urban",99,,E,99,,E,99,,E,99,,E,99,,E,99,,E,99,,E,99,,E,99,,E,99,,E,99,,E,99,,E,99,,E,99,,E,99,,E,99,,E,99,,E,99,,E,99,,E,99,,E,99,,E,99,,E,99,,E,99,,E,99,,E,99,,E, , , , , , , , , , , , , , , 
638,Reunion,667,N,"Proportion of the population using improved drinking water sources, rural",98,,E,98,,E,98,,E,98,,E,98,,E,98,,E,98,,E,98,,E,98,,E,98,,E,98,,E,98,,E,98,,E,98,,E,98,,E,98,,E,98,,E,98,,E,98,,E,98,,E,98,,E,98,,E,98,,E,98,,E,98,,E,98,,E, , , , , , , , , , , , , , , 
638,Reunion,668,Y,"Proportion of the population using improved sanitation facilities, total",98,,E,98,,E,98,,E,98,,E,98,,E,98,,E,98,,E,98,,E,98,,E,98,,E,98,,E,98,,E,98,,E,98,,E,98,,E,98,,E,98,,E,98,,E,98,,E,98,,E,98,,E,98,,E,98,,E,98,,E,98,,E,98,,E, , , , , , , , , , , , , , , 
638,Reunion,669,N,"Proportion of the population using improved sanitation facilities, urban",98,,E,98,,E,98,,E,98,,E,98,,E,98,,E,98,,E,98,,E,98,,E,98,,E,98,,E,98,,E,98,,E,98,,E,98,,E,98,,E,98,,E,98,,E,98,,E,98,,E,98,,E,98,,E,98,,E,98,,E,98,,E,98,,E, , , , , , , , , , , , , , , 
638,Reunion,670,N,"Proportion of the population using improved sanitation facilities, rural",95,,E,95,,E,95,,E,95,,E,95,,E,95,,E,95,,E,95,,E,95,,E,95,,E,95,,E,95,,E,95,,E,95,,E,95,,E,95,,E,95,,E,95,,E,95,,E,95,,E,95,,E,95,,E,95,,E,95,,E,95,,E,95,,E, , , , , , , , , , , , , , , 
646,Rwanda,665,Y,"Proportion of the population using improved drinking water sources, total",59,,E,59,,E,60,,E,61,,E,62,,E,62,,E,63,,E,64,,E,65,,E,66,,E,66,,E,67,,E,68,,E,68,,E,69,,E,70,,E,70,,E,71,,E,72,,E,72,,E,73,,E,74,,E,74,,E,75,,E,76,,E,76,,E, , , , , , , , , , , , , , , 
646,Rwanda,666,N,"Proportion of the population using improved drinking water sources, urban",85,,E,85,,E,85,,E,85,,E,85,,E,85,,E,85,,E,85,,E,85,,E,86,,E,86,,E,86,,E,86,,E,86,,E,86,,E,86,,E,86,,E,86,,E,86,,E,86,,E,86,,E,86,,E,86,,E,87,,E,87,,E,87,,E, , , , , , , , , , , , , , , 
646,Rwanda,667,N,"Proportion of the population using improved drinking water sources, rural",57,,E,58,,E,58,,E,59,,E,59,,E,60,,E,61,,E,61,,E,62,,E,62,,E,63,,E,64,,E,64,,E,65,,E,65,,E,66,,E,67,,E,67,,E,68,,E,68,,E,69,,E,70,,E,70,,E,71,,E,71,,E,72,,E, , , , , , , , , , , , , , , 
646,Rwanda,668,Y,"Proportion of the population using improved sanitation facilities, total",33,,E,35,,E,36,,E,37,,E,39,,E,40,,E,42,,E,43,,E,44,,E,45,,E,47,,E,48,,E,49,,E,50,,E,51,,E,52,,E,53,,E,54,,E,55,,E,56,,E,57,,E,58,,E,59,,E,60,,E,61,,E,62,,E, , , , , , , , , , , , , , , 
646,Rwanda,669,N,"Proportion of the population using improved sanitation facilities, urban",61,,E,61,,E,61,,E,61,,E,61,,E,61,,E,61,,E,61,,E,60,,E,60,,E,60,,E,60,,E,60,,E,60,,E,60,,E,60,,E,60,,E,59,,E,59,,E,59,,E,59,,E,59,,E,59,,E,59,,E,59,,E,59,,E, , , , , , , , , , , , , , , 
646,Rwanda,670,N,"Proportion of the population using improved sanitation facilities, rural",32,,E,33,,E,34,,E,36,,E,37,,E,38,,E,39,,E,41,,E,42,,E,43,,E,44,,E,45,,E,47,,E,48,,E,49,,E,50,,E,52,,E,53,,E,54,,E,55,,E,57,,E,58,,E,59,,E,60,,E,62,,E,63,,E, , , , , , , , , , , , , , , 
678,Sao Tome and Principe,665,Y,"Proportion of the population using improved drinking water sources, total",,,,,,,,,,,,,74,,E,74,,E,74,,E,74,,E,75,,E,76,,E,78,,E,80,,E,82,,E,84,,E,85,,E,87,,E,89,,E,90,,E,92,,E,94,,E,95,,E,97,,E,97,,E,97,,E,97,,E,97,,E, , , , , , , , , , , , , , , 
678,Sao Tome and Principe,666,N,"Proportion of the population using improved drinking water sources, urban",,,,,,,,,,,,,83,,E,83,,E,83,,E,83,,E,83,,E,84,,E,86,,E,87,,E,88,,E,89,,E,90,,E,92,,E,93,,E,94,,E,95,,E,97,,E,98,,E,99,,E,99,,E,99,,E,99,,E,99,,E, , , , , , , , , , , , , , , 
678,Sao Tome and Principe,667,N,"Proportion of the population using improved drinking water sources, rural",,,,,,,,,,,,,65,,E,65,,E,65,,E,65,,E,65,,E,68,,E,70,,E,72,,E,74,,E,76,,E,79,,E,81,,E,83,,E,85,,E,87,,E,89,,E,92,,E,94,,E,94,,E,94,,E,94,,E,94,,E, , , , , , , , , , , , , , , 
678,Sao Tome and Principe,668,Y,"Proportion of the population using improved sanitation facilities, total",,,,,,,,,,,,,18,,E,18,,E,18,,E,18,,E,19,,E,20,,E,21,,E,22,,E,23,,E,25,,E,26,,E,27,,E,28,,E,29,,E,31,,E,32,,E,33,,E,34,,E,34,,E,35,,E,35,,E,35,,E, , , , , , , , , , , , , , , 
678,Sao Tome and Principe,669,N,"Proportion of the population using improved sanitation facilities, urban",,,,,,,,,,,,,24,,E,24,,E,24,,E,24,,E,24,,E,25,,E,27,,E,28,,E,29,,E,31,,E,32,,E,33,,E,34,,E,36,,E,37,,E,38,,E,40,,E,41,,E,41,,E,41,,E,41,,E,41,,E, , , , , , , , , , , , , , , 
678,Sao Tome and Principe,670,N,"Proportion of the population using improved sanitation facilities, rural",,,,,,,,,,,,,13,,E,13,,E,13,,E,13,,E,13,,E,14,,E,14,,E,15,,E,16,,E,17,,E,18,,E,18,,E,19,,E,20,,E,21,,E,22,,E,23,,E,23,,E,23,,E,23,,E,23,,E,23,,E, , , , , , , , , , , , , , , 
686,Senegal,665,Y,"Proportion of the population using improved drinking water sources, total",60,,E,61,,E,61,,E,62,,E,63,,E,64,,E,64,,E,65,,E,66,,E,67,,E,67,,E,68,,E,69,,E,70,,E,70,,E,71,,E,72,,E,73,,E,73,,E,74,,E,75,,E,76,,E,76,,E,77,,E,78,,E,79,,E, , , , , , , , , , , , , , , 
686,Senegal,666,N,"Proportion of the population using improved drinking water sources, urban",89,,E,89,,E,89,,E,90,,E,90,,E,90,,E,90,,E,90,,E,90,,E,91,,E,91,,E,91,,E,91,,E,91,,E,91,,E,91,,E,92,,E,92,,E,92,,E,92,,E,92,,E,92,,E,93,,E,93,,E,93,,E,93,,E, , , , , , , , , , , , , , , 
686,Senegal,667,N,"Proportion of the population using improved drinking water sources, rural",41,,E,42,,E,43,,E,44,,E,46,,E,47,,E,48,,E,49,,E,50,,E,51,,E,52,,E,53,,E,54,,E,55,,E,56,,E,57,,E,58,,E,59,,E,60,,E,61,,E,62,,E,63,,E,64,,E,65,,E,66,,E,67,,E, , , , , , , , , , , , , , , 
686,Senegal,668,Y,"Proportion of the population using improved sanitation facilities, total",36,,E,36,,E,37,,E,37,,E,37,,E,38,,E,38,,E,39,,E,39,,E,40,,E,40,,E,41,,E,41,,E,42,,E,42,,E,43,,E,43,,E,44,,E,44,,E,45,,E,45,,E,46,,E,46,,E,47,,E,47,,E,48,,E, , , , , , , , , , , , , , , 
686,Senegal,669,N,"Proportion of the population using improved sanitation facilities, urban",58,,E,59,,E,59,,E,59,,E,59,,E,60,,E,60,,E,60,,E,61,,E,61,,E,61,,E,61,,E,62,,E,62,,E,62,,E,63,,E,63,,E,63,,E,63,,E,64,,E,64,,E,64,,E,65,,E,65,,E,65,,E,65,,E, , , , , , , , , , , , , , , 
686,Senegal,670,N,"Proportion of the population using improved sanitation facilities, rural",21,,E,22,,E,22,,E,23,,E,23,,E,24,,E,24,,E,25,,E,25,,E,26,,E,26,,E,27,,E,27,,E,28,,E,28,,E,29,,E,29,,E,30,,E,30,,E,31,,E,31,,E,32,,E,32,,E,33,,E,33,,E,34,,E, , , , , , , , , , , , , , , 
690,Seychelles,665,Y,"Proportion of the population using improved drinking water sources, total",96,,E,96,,E,96,,E,96,,E,96,,E,96,,E,96,,E,96,,E,96,,E,96,,E,96,,E,96,,E,96,,E,96,,E,96,,E,96,,E,96,,E,96,,E,96,,E,96,,E,96,,E,96,,E,96,,E,96,,E,96,,E,96,,E, , , , , , , , , , , , , , , 
690,Seychelles,666,N,"Proportion of the population using improved drinking water sources, urban",96,,E,96,,E,96,,E,96,,E,96,,E,96,,E,96,,E,96,,E,96,,E,96,,E,96,,E,96,,E,96,,E,96,,E,96,,E,96,,E,96,,E,96,,E,96,,E,96,,E,96,,E,96,,E,96,,E,96,,E,96,,E,96,,E, , , , , , , , , , , , , , , 
690,Seychelles,667,N,"Proportion of the population using improved drinking water sources, rural",96,,E,96,,E,96,,E,96,,E,96,,E,96,,E,96,,E,96,,E,96,,E,96,,E,96,,E,96,,E,96,,E,96,,E,96,,E,96,,E,96,,E,96,,E,96,,E,96,,E,96,,E,96,,E,96,,E,96,,E,96,,E,96,,E, , , , , , , , , , , , , , , 
690,Seychelles,668,Y,"Proportion of the population using improved sanitation facilities, total",98,,E,98,,E,98,,E,98,,E,98,,E,98,,E,98,,E,98,,E,98,,E,98,,E,98,,E,98,,E,98,,E,98,,E,98,,E,98,,E,98,,E,98,,E,98,,E,98,,E,98,,E,98,,E,98,,E,98,,E,98,,E,98,,E, , , , , , , , , , , , , , , 
690,Seychelles,669,N,"Proportion of the population using improved sanitation facilities, urban",98,,E,98,,E,98,,E,98,,E,98,,E,98,,E,98,,E,98,,E,98,,E,98,,E,98,,E,98,,E,98,,E,98,,E,98,,E,98,,E,98,,E,98,,E,98,,E,98,,E,98,,E,98,,E,98,,E,98,,E,98,,E,98,,E, , , , , , , , , , , , , , , 
690,Seychelles,670,N,"Proportion of the population using improved sanitation facilities, rural",98,,E,98,,E,98,,E,98,,E,98,,E,98,,E,98,,E,98,,E,98,,E,98,,E,98,,E,98,,E,98,,E,98,,E,98,,E,98,,E,98,,E,98,,E,98,,E,98,,E,98,,E,98,,E,98,,E,98,,E,98,,E,98,,E, , , , , , , , , , , , , , , 
694,Sierra Leone,665,Y,"Proportion of the population using improved drinking water sources, total",37,,E,38,,E,39,,E,40,,E,41,,E,42,,E,43,,E,44,,E,45,,E,46,,E,47,,E,48,,E,49,,E,50,,E,51,,E,52,,E,53,,E,54,,E,55,,E,56,,E,57,,E,59,,E,60,,E,61,,E,62,,E,63,,E, , , , , , , , , , , , , , , 
694,Sierra Leone,666,N,"Proportion of the population using improved drinking water sources, urban",70,,E,70,,E,71,,E,72,,E,72,,E,73,,E,73,,E,74,,E,75,,E,75,,E,76,,E,76,,E,77,,E,78,,E,78,,E,79,,E,79,,E,80,,E,81,,E,81,,E,82,,E,83,,E,83,,E,84,,E,84,,E,85,,E, , , , , , , , , , , , , , , 
694,Sierra Leone,667,N,"Proportion of the population using improved drinking water sources, rural",20,,E,21,,E,23,,E,24,,E,25,,E,26,,E,27,,E,28,,E,29,,E,30,,E,31,,E,32,,E,34,,E,35,,E,36,,E,37,,E,38,,E,39,,E,40,,E,41,,E,42,,E,43,,E,45,,E,46,,E,47,,E,48,,E, , , , , , , , , , , , , , , 
694,Sierra Leone,668,Y,"Proportion of the population using improved sanitation facilities, total",10,,E,10,,E,10,,E,11,,E,11,,E,11,,E,11,,E,11,,E,11,,E,11,,E,11,,E,12,,E,12,,E,12,,E,12,,E,12,,E,12,,E,12,,E,12,,E,13,,E,13,,E,13,,E,13,,E,13,,E,13,,E,13,,E, , , , , , , , , , , , , , , 
694,Sierra Leone,669,N,"Proportion of the population using improved sanitation facilities, urban",21,,E,21,,E,22,,E,22,,E,22,,E,22,,E,22,,E,22,,E,22,,E,22,,E,22,,E,22,,E,22,,E,22,,E,22,,E,22,,E,22,,E,22,,E,22,,E,23,,E,23,,E,23,,E,23,,E,23,,E,23,,E,23,,E, , , , , , , , , , , , , , , 
694,Sierra Leone,670,N,"Proportion of the population using improved sanitation facilities, rural",5,,E,5,,E,5,,E,5,,E,5,,E,5,,E,5,,E,5,,E,5,,E,5,,E,6,,E,6,,E,6,,E,6,,E,6,,E,6,,E,6,,E,6,,E,6,,E,6,,E,6,,E,7,,E,7,,E,7,,E,7,,E,7,,E, , , , , , , , , , , , , , , 
706,Somalia,665,Y,"Proportion of the population using improved drinking water sources, total",,,,,,,,,,21,,E,21,,E,21,,E,21,,E,21,,E,22,,E,23,,E,24,,E,24,,E,25,,E,26,,E,27,,E,28,,E,30,,E,31,,E,31,,E,31,,E,31,,E,32,,E,,,,,,,,,,,,, , , , , , , , , , , , , , , 
706,Somalia,666,N,"Proportion of the population using improved drinking water sources, urban",,,,,,,,,,24,,E,24,,E,24,,E,24,,E,24,,E,29,,E,33,,E,38,,E,42,,E,47,,E,51,,E,56,,E,61,,E,65,,E,70,,E,70,,E,70,,E,70,,E,70,,E,,,,,,,,,,,,, , , , , , , , , , , , , , , 
706,Somalia,667,N,"Proportion of the population using improved drinking water sources, rural",,,,,,,,,,20,,E,20,,E,20,,E,20,,E,20,,E,19,,E,18,,E,16,,E,15,,E,14,,E,13,,E,12,,E,11,,E,10,,E,9,,E,9,,E,9,,E,9,,E,9,,E,,,,,,,,,,,,, , , , , , , , , , , , , , , 
706,Somalia,668,Y,"Proportion of the population using improved sanitation facilities, total",,,,,,,,,,21,,E,21,,E,21,,E,22,,E,22,,E,22,,E,22,,E,22,,E,22,,E,22,,E,22,,E,22,,E,22,,E,23,,E,23,,E,23,,E,23,,E,23,,E,24,,E,,,,,,,,,,,,, , , , , , , , , , , , , , , 
706,Somalia,669,N,"Proportion of the population using improved sanitation facilities, urban",,,,,,,,,,42,,E,42,,E,42,,E,42,,E,42,,E,43,,E,44,,E,45,,E,46,,E,47,,E,48,,E,49,,E,50,,E,51,,E,52,,E,52,,E,52,,E,52,,E,52,,E,,,,,,,,,,,,, , , , , , , , , , , , , , , 
706,Somalia,670,N,"Proportion of the population using improved sanitation facilities, rural",,,,,,,,,,12,,E,12,,E,12,,E,12,,E,12,,E,11,,E,11,,E,10,,E,10,,E,9,,E,9,,E,8,,E,7,,E,7,,E,6,,E,6,,E,6,,E,6,,E,6,,E,,,,,,,,,,,,, , , , , , , , , , , , , , , 
710,South Africa,665,Y,"Proportion of the population using improved drinking water sources, total",83,,E,83,,E,83,,E,83,,E,83,,E,84,,E,85,,E,85,,E,86,,E,86,,E,87,,E,87,,E,87,,E,88,,E,88,,E,89,,E,89,,E,90,,E,90,,E,91,,E,91,,E,92,,E,92,,E,92,,E,93,,E,93,,E, , , , , , , , , , , , , , , 
710,South Africa,666,N,"Proportion of the population using improved drinking water sources, urban",98,,E,98,,E,98,,E,98,,E,98,,E,98,,E,98,,E,98,,E,98,,E,98,,E,99,,E,99,,E,99,,E,99,,E,99,,E,99,,E,99,,E,99,,E,99,,E,99,,E,99,,E,99,,E,99,,E,100,,E,100,,E,100,,E, , , , , , , , , , , , , , , 
710,South Africa,667,N,"Proportion of the population using improved drinking water sources, rural",66,,E,66,,E,66,,E,66,,E,66,,E,67,,E,68,,E,68,,E,69,,E,70,,E,71,,E,71,,E,72,,E,73,,E,74,,E,74,,E,75,,E,76,,E,76,,E,77,,E,78,,E,79,,E,79,,E,80,,E,81,,E,81,,E, , , , , , , , , , , , , , , 
710,South Africa,668,Y,"Proportion of the population using improved sanitation facilities, total",51,,E,52,,E,52,,E,52,,E,53,,E,54,,E,55,,E,55,,E,56,,E,57,,E,57,,E,58,,E,59,,E,59,,E,60,,E,60,,E,61,,E,62,,E,62,,E,63,,E,64,,E,64,,E,65,,E,65,,E,66,,E,66,,E, , , , , , , , , , , , , , , 
710,South Africa,669,N,"Proportion of the population using improved sanitation facilities, urban",64,,E,64,,E,64,,E,64,,E,65,,E,65,,E,65,,E,65,,E,66,,E,66,,E,66,,E,66,,E,66,,E,67,,E,67,,E,67,,E,67,,E,68,,E,68,,E,68,,E,68,,E,69,,E,69,,E,69,,E,69,,E,70,,E, , , , , , , , , , , , , , , 
710,South Africa,670,N,"Proportion of the population using improved sanitation facilities, rural",38,,E,38,,E,38,,E,39,,E,40,,E,41,,E,42,,E,43,,E,44,,E,45,,E,46,,E,47,,E,48,,E,49,,E,50,,E,51,,E,52,,E,53,,E,54,,E,55,,E,56,,E,57,,E,58,,E,59,,E,60,,E,61,,E, , , , , , , , , , , , , , , 
748,Swaziland,665,Y,"Proportion of the population using improved drinking water sources, total",39,,E,39,,E,39,,E,39,,E,41,,E,43,,E,45,,E,47,,E,48,,E,50,,E,52,,E,54,,E,56,,E,57,,E,59,,E,61,,E,63,,E,65,,E,67,,E,69,,E,70,,E,72,,E,74,,E,74,,E,74,,E,74,,E, , , , , , , , , , , , , , , 
748,Swaziland,666,N,"Proportion of the population using improved drinking water sources, urban",86,,E,86,,E,86,,E,86,,E,86,,E,87,,E,87,,E,88,,E,88,,E,88,,E,89,,E,89,,E,90,,E,90,,E,90,,E,91,,E,91,,E,92,,E,92,,E,92,,E,93,,E,93,,E,94,,E,94,,E,94,,E,94,,E, , , , , , , , , , , , , , , 
748,Swaziland,667,N,"Proportion of the population using improved drinking water sources, rural",25,,E,25,,E,25,,E,25,,E,27,,E,30,,E,32,,E,34,,E,37,,E,39,,E,41,,E,43,,E,46,,E,48,,E,50,,E,53,,E,55,,E,57,,E,60,,E,62,,E,64,,E,67,,E,69,,E,69,,E,69,,E,69,,E, , , , , , , , , , , , , , , 
748,Swaziland,668,Y,"Proportion of the population using improved sanitation facilities, total",49,,E,49,,E,49,,E,49,,E,49,,E,50,,E,50,,E,50,,E,51,,E,51,,E,52,,E,52,,E,53,,E,53,,E,54,,E,54,,E,55,,E,55,,E,56,,E,56,,E,57,,E,57,,E,58,,E,58,,E,58,,E,58,,E, , , , , , , , , , , , , , , 
748,Swaziland,669,N,"Proportion of the population using improved sanitation facilities, urban",63,,E,63,,E,63,,E,63,,E,63,,E,63,,E,63,,E,63,,E,63,,E,63,,E,63,,E,63,,E,63,,E,63,,E,63,,E,63,,E,63,,E,63,,E,63,,E,63,,E,63,,E,63,,E,63,,E,63,,E,63,,E,63,,E, , , , , , , , , , , , , , , 
748,Swaziland,670,N,"Proportion of the population using improved sanitation facilities, rural",44,,E,44,,E,44,,E,44,,E,45,,E,46,,E,46,,E,47,,E,47,,E,48,,E,49,,E,49,,E,50,,E,50,,E,51,,E,52,,E,52,,E,53,,E,54,,E,54,,E,55,,E,55,,E,56,,E,56,,E,56,,E,56,,E, , , , , , , , , , , , , , , 
768,Togo,665,Y,"Proportion of the population using improved drinking water sources, total",48,,E,48,,E,49,,E,49,,E,50,,E,51,,E,51,,E,52,,E,52,,E,53,,E,54,,E,54,,E,55,,E,55,,E,56,,E,57,,E,57,,E,58,,E,59,,E,59,,E,60,,E,61,,E,61,,E,62,,E,62,,E,63,,E, , , , , , , , , , , , , , , 
768,Togo,666,N,"Proportion of the population using improved drinking water sources, urban",79,,E,80,,E,80,,E,81,,E,81,,E,82,,E,82,,E,83,,E,83,,E,84,,E,84,,E,85,,E,85,,E,86,,E,86,,E,87,,E,87,,E,88,,E,88,,E,89,,E,89,,E,89,,E,90,,E,90,,E,91,,E,91,,E, , , , , , , , , , , , , , , 
768,Togo,667,N,"Proportion of the population using improved drinking water sources, rural",35,,E,35,,E,36,,E,36,,E,36,,E,37,,E,37,,E,37,,E,38,,E,38,,E,39,,E,39,,E,39,,E,40,,E,40,,E,41,,E,41,,E,41,,E,42,,E,42,,E,42,,E,43,,E,43,,E,44,,E,44,,E,44,,E, , , , , , , , , , , , , , , 
768,Togo,668,Y,"Proportion of the population using improved sanitation facilities, total",12,,E,12,,E,12,,E,12,,E,12,,E,12,,E,12,,E,11,,E,11,,E,11,,E,11,,E,11,,E,11,,E,11,,E,11,,E,11,,E,11,,E,11,,E,12,,E,12,,E,12,,E,12,,E,12,,E,12,,E,12,,E,12,,E, , , , , , , , , , , , , , , 
768,Togo,669,N,"Proportion of the population using improved sanitation facilities, urban",23,,E,23,,E,23,,E,24,,E,24,,E,24,,E,24,,E,24,,E,24,,E,24,,E,24,,E,24,,E,24,,E,24,,E,24,,E,24,,E,24,,E,24,,E,24,,E,24,,E,24,,E,25,,E,25,,E,25,,E,25,,E,25,,E, , , , , , , , , , , , , , , 
768,Togo,670,N,"Proportion of the population using improved sanitation facilities, rural",7,,E,7,,E,7,,E,6,,E,6,,E,6,,E,6,,E,6,,E,6,,E,6,,E,5,,E,5,,E,5,,E,5,,E,5,,E,5,,E,4,,E,4,,E,4,,E,4,,E,4,,E,4,,E,3,,E,3,,E,3,,E,3,,E, , , , , , , , , , , , , , , 
800,Uganda,665,Y,"Proportion of the population using improved drinking water sources, total",40,,E,42,,E,44,,E,45,,E,47,,E,48,,E,50,,E,52,,E,53,,E,55,,E,56,,E,58,,E,60,,E,61,,E,63,,E,65,,E,66,,E,68,,E,69,,E,71,,E,73,,E,74,,E,76,,E,77,,E,79,,E,79,,E, , , , , , , , , , , , , , , 
800,Uganda,666,N,"Proportion of the population using improved drinking water sources, urban",78,,E,79,,E,80,,E,80,,E,81,,E,82,,E,83,,E,83,,E,84,,E,85,,E,85,,E,86,,E,87,,E,88,,E,88,,E,89,,E,90,,E,90,,E,91,,E,92,,E,93,,E,93,,E,94,,E,95,,E,96,,E,96,,E, , , , , , , , , , , , , , , 
800,Uganda,667,N,"Proportion of the population using improved drinking water sources, rural",36,,E,37,,E,39,,E,41,,E,42,,E,44,,E,46,,E,47,,E,49,,E,51,,E,52,,E,54,,E,56,,E,57,,E,59,,E,61,,E,63,,E,64,,E,66,,E,68,,E,69,,E,71,,E,73,,E,74,,E,76,,E,76,,E, , , , , , , , , , , , , , , 
800,Uganda,668,Y,"Proportion of the population using improved sanitation facilities, total",13,,E,14,,E,14,,E,14,,E,14,,E,14,,E,15,,E,15,,E,15,,E,15,,E,16,,E,16,,E,16,,E,16,,E,17,,E,17,,E,17,,E,17,,E,18,,E,18,,E,18,,E,18,,E,19,,E,19,,E,19,,E,19,,E, , , , , , , , , , , , , , , 
800,Uganda,669,N,"Proportion of the population using improved sanitation facilities, urban",28,,E,28,,E,28,,E,28,,E,28,,E,28,,E,28,,E,28,,E,28,,E,28,,E,28,,E,28,,E,28,,E,28,,E,28,,E,28,,E,28,,E,28,,E,28,,E,28,,E,29,,E,29,,E,29,,E,29,,E,29,,E,29,,E, , , , , , , , , , , , , , , 
800,Uganda,670,N,"Proportion of the population using improved sanitation facilities, rural",11,,E,12,,E,12,,E,12,,E,12,,E,13,,E,13,,E,13,,E,13,,E,14,,E,14,,E,14,,E,14,,E,15,,E,15,,E,15,,E,15,,E,16,,E,16,,E,16,,E,16,,E,17,,E,17,,E,17,,E,17,,E,17,,E, , , , , , , , , , , , , , , 
834,United Republic of Tanzania,665,Y,"Proportion of the population using improved drinking water sources, total",54,,E,54,,E,54,,E,54,,E,54,,E,54,,E,54,,E,54,,E,54,,E,54,,E,54,,E,54,,E,54,,E,55,,E,55,,E,55,,E,55,,E,55,,E,55,,E,55,,E,55,,E,55,,E,55,,E,55,,E,56,,E,56,,E, , , , , , , , , , , , , , , 
834,United Republic of Tanzania,666,N,"Proportion of the population using improved drinking water sources, urban",92,,E,91,,E,91,,E,90,,E,89,,E,89,,E,88,,E,88,,E,87,,E,86,,E,86,,E,85,,E,85,,E,84,,E,84,,E,83,,E,82,,E,82,,E,81,,E,81,,E,80,,E,80,,E,79,,E,78,,E,78,,E,77,,E, , , , , , , , , , , , , , , 
834,United Republic of Tanzania,667,N,"Proportion of the population using improved drinking water sources, rural",45,,E,45,,E,45,,E,45,,E,45,,E,45,,E,45,,E,45,,E,45,,E,45,,E,45,,E,45,,E,45,,E,45,,E,45,,E,45,,E,45,,E,45,,E,45,,E,46,,E,46,,E,46,,E,46,,E,46,,E,46,,E,46,,E, , , , , , , , , , , , , , , 
834,United Republic of Tanzania,668,Y,"Proportion of the population using improved sanitation facilities, total",7,,E,7,,E,7,,E,7,,E,8,,E,8,,E,8,,E,8,,E,9,,E,9,,E,9,,E,10,,E,10,,E,10,,E,11,,E,11,,E,11,,E,12,,E,12,,E,13,,E,13,,E,14,,E,14,,E,15,,E,15,,E,16,,E, , , , , , , , , , , , , , , 
834,United Republic of Tanzania,669,N,"Proportion of the population using improved sanitation facilities, urban",6,,E,7,,E,8,,E,9,,E,10,,E,11,,E,12,,E,13,,E,14,,E,15,,E,16,,E,17,,E,18,,E,19,,E,20,,E,21,,E,22,,E,23,,E,24,,E,25,,E,26,,E,27,,E,28,,E,29,,E,30,,E,31,,E, , , , , , , , , , , , , , , 
834,United Republic of Tanzania,670,N,"Proportion of the population using improved sanitation facilities, rural",7,,E,7,,E,7,,E,7,,E,7,,E,7,,E,7,,E,7,,E,7,,E,7,,E,7,,E,7,,E,7,,E,8,,E,8,,E,8,,E,8,,E,8,,E,8,,E,8,,E,8,,E,8,,E,8,,E,8,,E,8,,E,8,,E, , , , , , , , , , , , , , , 
894,Zambia,665,Y,"Proportion of the population using improved drinking water sources, total",49,,E,50,,E,50,,E,50,,E,51,,E,51,,E,51,,E,52,,E,52,,E,53,,E,53,,E,54,,E,55,,E,56,,E,56,,E,57,,E,58,,E,59,,E,60,,E,61,,E,61,,E,62,,E,63,,E,64,,E,65,,E,65,,E, , , , , , , , , , , , , , , 
894,Zambia,666,N,"Proportion of the population using improved drinking water sources, urban",88,,E,88,,E,88,,E,88,,E,88,,E,88,,E,88,,E,88,,E,88,,E,87,,E,87,,E,87,,E,87,,E,87,,E,87,,E,87,,E,87,,E,87,,E,86,,E,86,,E,86,,E,86,,E,86,,E,86,,E,86,,E,86,,E, , , , , , , , , , , , , , , 
894,Zambia,667,N,"Proportion of the population using improved drinking water sources, rural",24,,E,25,,E,26,,E,27,,E,28,,E,29,,E,30,,E,31,,E,33,,E,34,,E,35,,E,36,,E,37,,E,38,,E,39,,E,40,,E,41,,E,43,,E,44,,E,45,,E,46,,E,47,,E,48,,E,49,,E,50,,E,51,,E, , , , , , , , , , , , , , , 
894,Zambia,668,Y,"Proportion of the population using improved sanitation facilities, total",41,,E,41,,E,41,,E,41,,E,41,,E,41,,E,41,,E,41,,E,41,,E,41,,E,41,,E,41,,E,41,,E,41,,E,42,,E,42,,E,42,,E,42,,E,42,,E,43,,E,43,,E,43,,E,43,,E,44,,E,44,,E,44,,E, , , , , , , , , , , , , , , 
894,Zambia,669,N,"Proportion of the population using improved sanitation facilities, urban",59,,E,59,,E,59,,E,59,,E,58,,E,58,,E,58,,E,58,,E,58,,E,58,,E,58,,E,58,,E,57,,E,57,,E,57,,E,57,,E,57,,E,57,,E,57,,E,56,,E,56,,E,56,,E,56,,E,56,,E,56,,E,56,,E, , , , , , , , , , , , , , , 
894,Zambia,670,N,"Proportion of the population using improved sanitation facilities, rural",29,,E,29,,E,29,,E,30,,E,30,,E,30,,E,30,,E,31,,E,31,,E,31,,E,32,,E,32,,E,32,,E,32,,E,33,,E,33,,E,33,,E,34,,E,34,,E,34,,E,34,,E,35,,E,35,,E,35,,E,35,,E,36,,E, , , , , , , , , , , , , , , 
716,Zimbabwe,665,Y,"Proportion of the population using improved drinking water sources, total",79,,E,80,,E,80,,E,80,,E,80,,E,80,,E,80,,E,80,,E,79,,E,79,,E,79,,E,79,,E,79,,E,79,,E,79,,E,79,,E,79,,E,78,,E,78,,E,78,,E,78,,E,78,,E,78,,E,77,,E,77,,E,77,,E, , , , , , , , , , , , , , , 
716,Zimbabwe,666,N,"Proportion of the population using improved drinking water sources, urban",100,,E,100,,E,99,,E,99,,E,99,,E,99,,E,99,,E,99,,E,99,,E,99,,E,99,,E,99,,E,98,,E,98,,E,98,,E,98,,E,98,,E,98,,E,98,,E,98,,E,98,,E,97,,E,97,,E,97,,E,97,,E,97,,E, , , , , , , , , , , , , , , 
716,Zimbabwe,667,N,"Proportion of the population using improved drinking water sources, rural",71,,E,71,,E,71,,E,71,,E,71,,E,70,,E,70,,E,70,,E,70,,E,70,,E,70,,E,70,,E,69,,E,69,,E,69,,E,69,,E,69,,E,69,,E,68,,E,68,,E,68,,E,68,,E,68,,E,68,,E,68,,E,67,,E, , , , , , , , , , , , , , , 
716,Zimbabwe,668,Y,"Proportion of the population using improved sanitation facilities, total",40,,E,40,,E,40,,E,40,,E,40,,E,40,,E,40,,E,40,,E,39,,E,39,,E,39,,E,39,,E,39,,E,39,,E,39,,E,39,,E,38,,E,38,,E,38,,E,38,,E,38,,E,38,,E,37,,E,37,,E,37,,E,37,,E, , , , , , , , , , , , , , , 
716,Zimbabwe,669,N,"Proportion of the population using improved sanitation facilities, urban",52,,E,52,,E,52,,E,52,,E,52,,E,51,,E,51,,E,51,,E,51,,E,51,,E,51,,E,51,,E,51,,E,51,,E,50,,E,50,,E,50,,E,50,,E,50,,E,50,,E,50,,E,50,,E,50,,E,50,,E,49,,E,49,,E, , , , , , , , , , , , , , , 
716,Zimbabwe,670,N,"Proportion of the population using improved sanitation facilities, rural",35,,E,35,,E,35,,E,35,,E,34,,E,34,,E,34,,E,34,,E,34,,E,34,,E,33,,E,33,,E,33,,E,33,,E,33,,E,33,,E,32,,E,32,,E,32,,E,32,,E,32,,E,32,,E,31,,E,31,,E,31,,E,31,,E, , , , , , , , , , , , , , , 
,,,,,,,,,,,,,,,,,,,,,,,,,,,,,,,,,,,,,,,,,,,,,,,,,,,,,,,,,,,,,,,,,,,,,,,,,,,,,,,,,,,,,,,,,,,,,,,,,
Code, FootnoteText,,,,,,,,,,,,,,,,,,,,,,,,,,,,,,,,,,,,,,,,,,,,,,,,,,,,,,,,,,,,,,,,,,,,,,,,,,,,,,,,,,,,,,,,,,,,,,,,
,,,,,,,,,,,,,,,,,,,,,,,,,,,,,,,,,,,,,,,,,,,,,,,,,,,,,,,,,,,,,,,,,,,,,,,,,,,,,,,,,,,,,,,,,,,,,,,,,
Type, Name, Description,,,,,,,,,,,,,,,,,,,,,,,,,,,,,,,,,,,,,,,,,,,,,,,,,,,,,,,,,,,,,,,,,,,,,,,,,,,,,,,,,,,,,,,,,,,,,,,
C,Country Data,The figure is the one produced and disseminated by the country (including data adjusted BY THE COUNTRY to meet international standards),,,,,,,,,,,,,,,,,,,,,,,,,,,,,,,,,,,,,,,,,,,,,,,,,,,,,,,,,,,,,,,,,,,,,,,,,,,,,,,,,,,,,,,,,,,,,,,
CA,Country Adjusted,"The figure is the one produced and provided by the country, but adjusted by the international agency for international comparabilitythat is to comply with internationally agreed standards, definitions and classifications (age group, ISCED, etc)",,,,,,,,,,,,,,,,,,,,,,,,,,,,,,,,,,,,,,,,,,,,,,,,,,,,,,,,,,,,,,,,,,,,,,,,,,,,,,,,,,,,,,,,,,,,,,,
E,Estimated,"The figure is estimated by the international agency, when corresponding country data on a specific year or set of years are not available, or when multiple sources exist, or there are issues of data quality.  Estimates are based on national data, such as surveys or administrative records, or other sources but on the same variable being estimated.",,,,,,,,,,,,,,,,,,,,,,,,,,,,,,,,,,,,,,,,,,,,,,,,,,,,,,,,,,,,,,,,,,,,,,,,,,,,,,,,,,,,,,,,,,,,,,,
M,Modeled,The figure is modeled by the agency when there is a complete lack of data on the variable being estimated. The model is based on a set of covariatesother variables for which data are available and that can explain the phenomenon.,,,,,,,,,,,,,,,,,,,,,,,,,,,,,,,,,,,,,,,,,,,,,,,,,,,,,,,,,,,,,,,,,,,,,,,,,,,,,,,,,,,,,,,,,,,,,,,
G,Global monitoring data,"The figure is regularly produced by the designated agency for the global monitoring, based on country data. However, there is no corresponding figure at the country level, because the indicator is defined for international monitoring only (example: population below 1$ a day)",,,,,,,,,,,,,,,,,,,,,,,,,,,,,,,,,,,,,,,,,,,,,,,,,,,,,,,,,,,,,,,,,,,,,,,,,,,,,,,,,,,,,,,,,,,,,,,
N,Not Relevant,"The figure is not available because the indicator-as defined for the global monitoring-does not apply to the circumstances of the specific country, and therefore is not reported",,,,,,,,,,,,,,,,,,,,,,,,,,,,,,,,,,,,,,,,,,,,,,,,,,,,,,,,,,,,,,,,,,,,,,,,,,,,,,,,,,,,,,,,,,,,,,,
NA,Not Available,"A figure was not provided, or the nature of data"" - see other colors for the definition of ""nature of data"" - is unknown""",,,,,,,,,,,,,,,,,,,,,,,,,,,,,,,,,,,,,,,,,,,,,,,,,,,,,,,,,,,,,,,,,,,,,,,,,,,,,,,,,,,,,,,,,,,,,,,
